<?xml version="1.0" encoding="utf-8"?>
<COLLADA xmlns="http://www.collada.org/2005/11/COLLADASchema" version="1.4.1">
  <asset>
    <contributor>
      <author>Blender User</author>
      <authoring_tool>Blender 2.78.0 commit date:2016-10-24, commit time:12:20, hash:e8299c8</authoring_tool>
    </contributor>
    <created>2017-06-05T17:09:23</created>
    <modified>2017-06-05T17:09:23</modified>
    <unit name="meter" meter="1"/>
    <up_axis>Z_UP</up_axis>
  </asset>
  <library_images>
    <image id="Wood_Table_C_jpg" name="Wood_Table_C_jpg">
      <init_from>Wood_Table_C.jpg</init_from>
    </image>
  </library_images>
  <library_effects>
    <effect id="Wood_Table-effect">
      <profile_COMMON>
        <newparam sid="Wood_Table_C_jpg-surface">
          <surface type="2D">
            <init_from>Wood_Table_C_jpg</init_from>
          </surface>
        </newparam>
        <newparam sid="Wood_Table_C_jpg-sampler">
          <sampler2D>
            <source>Wood_Table_C_jpg-surface</source>
          </sampler2D>
        </newparam>
        <technique sid="common">
          <phong>
            <emission>
              <color sid="emission">0 0 0 1</color>
            </emission>
            <ambient>
              <color sid="ambient">0 0 0 1</color>
            </ambient>
            <diffuse>
              <texture texture="Wood_Table_C_jpg-sampler" texcoord="Cube_003-mesh-map-0"/>
            </diffuse>
            <specular>
              <color sid="specular">0.1032387 0.05326445 0.0055609 1</color>
            </specular>
            <shininess>
              <float sid="shininess">50</float>
            </shininess>
            <index_of_refraction>
              <float sid="index_of_refraction">1</float>
            </index_of_refraction>
          </phong>
        </technique>
      </profile_COMMON>
    </effect>
    <effect id="Wood_Table_Glass-effect">
      <profile_COMMON>
        <technique sid="common">
          <phong>
            <emission>
              <color sid="emission">0 0 0 1</color>
            </emission>
            <ambient>
              <color sid="ambient">0 0 0 1</color>
            </ambient>
            <diffuse>
              <color sid="diffuse">0.64 0.64 0.64 1</color>
            </diffuse>
            <specular>
              <color sid="specular">0.25 0.25 0.25 1</color>
            </specular>
            <shininess>
              <float sid="shininess">50</float>
            </shininess>
            <transparent opaque="A_ONE">
              <color>1 1 1 0.4</color>
            </transparent>
            <index_of_refraction>
              <float sid="index_of_refraction">1</float>
            </index_of_refraction>
          </phong>
        </technique>
      </profile_COMMON>
    </effect>
  </library_effects>
  <library_materials>
    <material id="Wood_Table-material" name="Wood_Table">
      <instance_effect url="#Wood_Table-effect"/>
    </material>
    <material id="Wood_Table_Glass-material" name="Wood_Table_Glass">
      <instance_effect url="#Wood_Table_Glass-effect"/>
    </material>
  </library_materials>
  <library_geometries>
    <geometry id="Cube_003-mesh" name="Cube.003">
      <mesh>
        <source id="Cube_003-mesh-positions">
          <float_array id="Cube_003-mesh-positions-array" count="3312">-0.2481201 -0.2479443 0.1900438 0.248159 -0.2479443 0.1900437 -0.2481201 0.2478727 0.1900439 0.248159 0.2478727 0.1900439 -0.2481201 -0.2479443 0.2100438 0.248159 -0.2479443 0.2100437 -0.2481201 0.2478727 0.2100439 0.248159 0.2478727 0.2100439 0.2481591 -0.2479443 0.3400439 -0.2481201 -0.2479443 0.3400439 0.2481591 0.2478727 0.3400439 -0.2481201 0.2478727 0.3400439 0.2481591 -0.2479443 0.3200439 -0.2481201 -0.2479443 0.3200438 0.2481591 0.2478727 0.3200439 -0.2481201 0.2478727 0.3200438 -0.2501055 -0.2499279 0.1920438 0.2501444 -0.2499279 0.1920437 -0.2501055 0.2498562 0.1920439 0.2501444 0.2498562 0.1920439 -0.2501055 -0.2499279 0.2080438 0.2501444 -0.2499279 0.2080437 -0.2501055 0.2498562 0.2080439 0.2501444 0.2498562 0.2080438 0.2501444 -0.2499278 0.3380438 -0.2501055 -0.2499278 0.3380438 0.2501444 0.2498563 0.3380438 -0.2501055 0.2498563 0.3380438 0.2501444 -0.2499278 0.3220438 -0.2501055 -0.2499278 0.3220438 0.2501444 0.2498563 0.3220438 -0.2501055 0.2498563 0.3220438 0.2359412 0.2344621 0.006666064 0.3009455 0.2344621 0.006666064 0.2359412 0.2344621 0.4566848 0.2339413 0.2974663 0.4546848 0.3009455 0.2994664 0.4566848 0.3029455 0.2364621 0.4546848 0.2359412 0.2344621 0.2103438 0.2359412 0.2994664 0.006666064 0.3009455 0.2994664 0.006666064 0.2359412 0.2344621 0.189705 0.2359412 0.2344621 0.3196932 0.2359412 0.2344621 0.3402712 0.2359412 0.2504265 0.2103438 0.250656 0.2344621 0.2103438 0.2359412 0.2504265 0.189705 0.252656 0.2324621 0.187705 0.2359412 0.2504265 0.3402712 0.2359412 0.2504265 0.3196932 0.250656 0.2344621 0.3402712 0.250656 0.2344621 0.3196932 0.2383182 0.2368389 0.004731953 0.250656 0.2504265 0.2103438 0.250656 0.2504265 0.189705 0.250656 0.2504265 0.3402712 0.250656 0.2504265 0.3196932 0.2383182 0.2970895 0.004731953 0.2985686 0.2970895 0.004731953 0.2985686 0.2368389 0.004731953 0.2379413 0.2324621 0.3422712 0.2379413 0.2324621 0.4546848 0.2989455 0.2324621 0.008666038 0.2379413 0.2324621 0.187705 0.2379413 0.2324621 0.008666038 0.2379413 0.2324621 0.3176932 0.2379413 0.2324621 0.2123439 0.252656 0.2324621 0.2123439 0.250656 0.2344621 0.189705 0.252656 0.2324621 0.3422712 0.252656 0.2324621 0.3176932 0.2989455 0.2324621 0.4546848 0.3029455 0.2974663 0.008666038 0.3029455 0.2364621 0.008666038 0.3029455 0.2974663 0.4546848 0.3009455 0.2344621 0.4566848 0.2379413 0.3014664 0.008666038 0.2989455 0.3014664 0.008666038 0.2989455 0.3014664 0.4546848 0.2379413 0.3014664 0.4546848 0.2339413 0.2974663 0.008666038 0.2339413 0.2364621 0.3422712 0.2339413 0.2364621 0.4546848 0.2339413 0.2364621 0.187705 0.2339413 0.2364621 0.008666038 0.2339413 0.2524266 0.2123439 0.2339413 0.2364621 0.2123439 0.2339413 0.2524266 0.187705 0.2339413 0.2364621 0.3176932 0.2339413 0.2524266 0.3422712 0.2339413 0.2524266 0.3176932 0.2359412 0.2994664 0.4566848 -0.2359023 0.2344621 0.006666064 -0.3009066 0.2994664 0.006666064 -0.3009066 0.2344621 0.006666064 -0.2359023 0.2344621 0.4566848 -0.2339023 0.2974663 0.4546848 -0.3009066 0.2994664 0.4566848 -0.3029066 0.2364621 0.4546848 -0.2359023 0.2344621 0.2103438 -0.2359023 0.2994664 0.006666064 -0.2359023 0.2344621 0.189705 -0.2359023 0.2344621 0.3196932 -0.2359023 0.2344621 0.3402712 -0.2359023 0.2504265 0.2103438 -0.250617 0.2344621 0.2103438 -0.2359023 0.2504265 0.189705 -0.2526171 0.2324621 0.187705 -0.2359023 0.2504265 0.3402712 -0.2359023 0.2504265 0.3196932 -0.250617 0.2344621 0.3402712 -0.250617 0.2344621 0.3196932 -0.2382792 0.2368389 0.004731953 -0.250617 0.2504265 0.2103438 -0.250617 0.2504265 0.189705 -0.250617 0.2504265 0.3402712 -0.250617 0.2504265 0.3196932 -0.2382792 0.2970895 0.004731953 -0.2985297 0.2970895 0.004731953 -0.2985297 0.2368389 0.004731953 -0.2379023 0.2324621 0.3422712 -0.2379023 0.2324621 0.4546848 -0.2989066 0.2324621 0.008666038 -0.2379023 0.2324621 0.187705 -0.2379023 0.2324621 0.008666038 -0.2379023 0.2324621 0.3176932 -0.2379023 0.2324621 0.2123439 -0.2526171 0.2324621 0.2123439 -0.250617 0.2344621 0.189705 -0.2526171 0.2324621 0.3422712 -0.2526171 0.2324621 0.3176932 -0.2989066 0.2324621 0.4546848 -0.3029066 0.2974663 0.008666038 -0.3029066 0.2364621 0.008666038 -0.3029066 0.2974663 0.4546848 -0.3009066 0.2344621 0.4566848 -0.2379023 0.3014664 0.008666038 -0.2989066 0.3014664 0.008666038 -0.2989066 0.3014664 0.4546848 -0.2379023 0.3014664 0.4546848 -0.2339023 0.2974663 0.008666038 -0.2339023 0.2364621 0.3422712 -0.2339023 0.2364621 0.4546848 -0.2339023 0.2364621 0.187705 -0.2339023 0.2364621 0.008666038 -0.2339023 0.2524266 0.2123439 -0.2339023 0.2364621 0.2123439 -0.2339023 0.2524266 0.187705 -0.2339023 0.2364621 0.3176932 -0.2339023 0.2524266 0.3422712 -0.2339023 0.2524266 0.3176932 -0.2359023 0.2994664 0.4566848 0.2359412 -0.2345337 0.006666064 0.2359412 -0.299538 0.006666064 0.3009455 -0.299538 0.006666064 0.2359412 -0.2345337 0.4566848 0.2339413 -0.2975379 0.4546848 0.3009455 -0.299538 0.4566848 0.3029455 -0.2365337 0.4546848 0.2359412 -0.2345337 0.2103438 0.3009455 -0.2345337 0.006666064 0.2359412 -0.2345337 0.189705 0.2359412 -0.2345337 0.3196932 0.2359412 -0.2345337 0.3402712 0.2359412 -0.2504981 0.2103438 0.250656 -0.2345337 0.2103438 0.2359412 -0.2504981 0.189705 0.252656 -0.2325337 0.187705 0.2359412 -0.2504981 0.3402712 0.2359412 -0.2504981 0.3196932 0.250656 -0.2345337 0.3402712 0.250656 -0.2345337 0.3196932 0.2383182 -0.2369105 0.004731953 0.250656 -0.2504981 0.2103438 0.250656 -0.2504981 0.189705 0.250656 -0.2504981 0.3402712 0.250656 -0.2504981 0.3196932 0.2383182 -0.2971611 0.004731953 0.2985686 -0.2971611 0.004731953 0.2985686 -0.2369105 0.004731953 0.2379413 -0.2325337 0.3422712 0.2379413 -0.2325337 0.4546848 0.2989455 -0.2325337 0.008666038 0.2379413 -0.2325337 0.187705 0.2379413 -0.2325337 0.008666038 0.2379413 -0.2325337 0.3176932 0.2379413 -0.2325337 0.2123439 0.252656 -0.2325337 0.2123439 0.250656 -0.2345337 0.189705 0.252656 -0.2325337 0.3422712 0.252656 -0.2325337 0.3176932 0.2989455 -0.2325337 0.4546848 0.3029455 -0.2975379 0.008666038 0.3029455 -0.2365337 0.008666038 0.3029455 -0.2975379 0.4546848 0.3009455 -0.2345337 0.4566848 0.2379413 -0.3015379 0.008666038 0.2989455 -0.3015379 0.008666038 0.2989455 -0.3015379 0.4546848 0.2379413 -0.3015379 0.4546848 0.2339413 -0.2975379 0.008666038 0.2339413 -0.2365337 0.3422712 0.2339413 -0.2365337 0.4546848 0.2339413 -0.2365337 0.187705 0.2339413 -0.2365337 0.008666038 0.2339413 -0.2524982 0.2123439 0.2339413 -0.2365337 0.2123439 0.2339413 -0.2524982 0.187705 0.2339413 -0.2365337 0.3176932 0.2339413 -0.2524982 0.3422712 0.2339413 -0.2524982 0.3176932 0.2359412 -0.299538 0.4566848 -0.2359023 -0.2345337 0.006666064 -0.2359023 -0.299538 0.006666064 -0.3009066 -0.299538 0.006666064 -0.3009066 -0.2345337 0.006666064 -0.2359023 -0.2345337 0.4566848 -0.2339023 -0.2975379 0.4546848 -0.3009066 -0.299538 0.4566848 -0.3029066 -0.2365337 0.4546848 -0.2359023 -0.2345337 0.2103438 -0.2359023 -0.2345337 0.189705 -0.2359023 -0.2345337 0.3196932 -0.2359023 -0.2345337 0.3402712 -0.2359023 -0.2504981 0.2103438 -0.250617 -0.2345337 0.2103438 -0.2359023 -0.2504981 0.189705 -0.2526171 -0.2325337 0.187705 -0.2359023 -0.2504981 0.3402712 -0.2359023 -0.2504981 0.3196932 -0.250617 -0.2345337 0.3402712 -0.250617 -0.2345337 0.3196932 -0.2382792 -0.2369105 0.004731953 -0.250617 -0.2504981 0.2103438 -0.250617 -0.2504981 0.189705 -0.250617 -0.2504981 0.3402712 -0.250617 -0.2504981 0.3196932 -0.2382792 -0.2971611 0.004731953 -0.2985297 -0.2971611 0.004731953 -0.2985297 -0.2369105 0.004731953 -0.2379023 -0.2325337 0.3422712 -0.2379023 -0.2325337 0.4546848 -0.2989066 -0.2325337 0.008666038 -0.2379023 -0.2325337 0.187705 -0.2379023 -0.2325337 0.008666038 -0.2379023 -0.2325337 0.3176932 -0.2379023 -0.2325337 0.2123439 -0.2526171 -0.2325337 0.2123439 -0.250617 -0.2345337 0.189705 -0.2526171 -0.2325337 0.3422712 -0.2526171 -0.2325337 0.3176932 -0.2989066 -0.2325337 0.4546848 -0.3029066 -0.2975379 0.008666038 -0.3029066 -0.2365337 0.008666038 -0.3029066 -0.2975379 0.4546848 -0.3009066 -0.2345337 0.4566848 -0.2379023 -0.3015379 0.008666038 -0.2989066 -0.3015379 0.008666038 -0.2989066 -0.3015379 0.4546848 -0.2379023 -0.3015379 0.4546848 -0.2339023 -0.2975379 0.008666038 -0.2339023 -0.2365337 0.3422712 -0.2339023 -0.2365337 0.4546848 -0.2339023 -0.2365337 0.187705 -0.2339023 -0.2365337 0.008666038 -0.2339023 -0.2524982 0.2123439 -0.2339023 -0.2365337 0.2123439 -0.2339023 -0.2524982 0.187705 -0.2339023 -0.2365337 0.3176932 -0.2339023 -0.2524982 0.3422712 -0.2339023 -0.2524982 0.3176932 -0.2359023 -0.299538 0.4566848 0.3300264 -0.3300264 0.4567721 -0.3300264 -0.3300264 0.4567721 0.3300264 0.3300264 0.4567721 -0.3266602 0.2110711 0.4711409 0.3266602 0.2110711 0.4711409 -0.3266602 -0.2112143 0.4711409 0.3266602 -0.2112143 0.4711409 -0.3300264 0.3300264 0.4567721 0.3300264 -0.2102705 0.4567721 -0.3266602 0.3266602 0.4711409 0.3266602 0.3266602 0.4711409 -0.3266602 -0.3266602 0.4711409 0.3300264 0.2101273 0.4567721 -0.3300264 0.2101273 0.4567721 0.3266602 -0.3266602 0.4711409 -0.3300264 -0.2102705 0.4567721 -0.2077674 0.2081273 0.4567721 0.3266602 -0.2095307 0.4711409 -0.3266602 -0.2095307 0.4711409 0.2098453 -0.2095307 0.4711409 -0.2097674 -0.2095307 0.4711409 0.3266602 0.2093876 0.4711409 0.2098453 0.2093876 0.4711409 -0.2097674 0.2093876 0.4711409 -0.3266602 0.2093876 0.4711409 0.3300264 -0.2102705 0.4669299 0.3300264 -0.3300264 0.4669299 -0.3300264 0.3300264 0.4669299 0.3300264 0.3300264 0.4669299 -0.3300264 -0.3300264 0.4669299 -0.3300264 -0.2102705 0.4669299 0.3300264 0.2101273 0.4669299 -0.3300264 0.2101273 0.4669299 0.2078453 0.2081273 0.4567721 0.2078453 -0.2082705 0.4567721 -0.2077674 -0.2082705 0.4567721 -0.2097674 -0.2102705 0.4669299 0.2098453 -0.2102705 0.4669299 0.2098453 0.2101273 0.4669299 -0.2097674 0.2101273 0.4669299 0.2098453 -0.2102705 0.461851 -0.2097674 -0.2102705 0.461851 0.2098453 0.2101273 0.461851 -0.2077674 0.2081273 0.461851 -0.2077674 -0.2082705 0.461851 0.2078453 -0.2082705 0.461851 0.2078453 0.2081273 0.461851 -0.2097674 0.2101273 0.461851 0.3300264 -0.2102705 0.4669299 0.3300264 -0.2102705 0.4669299 0.3300264 -0.2102705 0.4669299 0.3266602 -0.2112143 0.4711409 0.3266602 -0.2112143 0.4711409 -0.3266602 -0.2112143 0.4711409 -0.3266602 -0.2112143 0.4711409 -0.2097674 0.2093876 0.4711409 -0.2097674 0.2093876 0.4711409 -0.3266602 0.2093876 0.4711409 -0.3266602 0.2093876 0.4711409 0.3266602 0.2093876 0.4711409 0.3266602 0.2093876 0.4711409 0.2098453 0.2093876 0.4711409 0.2098453 0.2093876 0.4711409 -0.3266602 -0.2095307 0.4711409 -0.3266602 -0.2095307 0.4711409 -0.2097674 -0.2095307 0.4711409 -0.2097674 -0.2095307 0.4711409 0.2098453 -0.2095307 0.4711409 0.2098453 -0.2095307 0.4711409 0.3266602 -0.2095307 0.4711409 0.3266602 -0.2095307 0.4711409 0.3266602 0.2110711 0.4711409 0.3266602 0.2110711 0.4711409 -0.3266602 0.2110711 0.4711409 -0.3266602 0.2110711 0.4711409 0.3266602 0.3266602 0.4711409 0.3266602 0.3266602 0.4711409 -0.3266602 -0.3266602 0.4711409 -0.3266602 -0.3266602 0.4711409 0.3266602 -0.3266602 0.4711409 0.3266602 -0.3266602 0.4711409 -0.3266602 0.3266602 0.4711409 -0.3266602 0.3266602 0.4711409 0.3300264 -0.3300264 0.4669299 0.3300264 -0.3300264 0.4567721 -0.3300264 0.3300264 0.4669299 0.3300264 0.3300264 0.4669299 0.3300264 0.3300264 0.4567721 -0.3300264 -0.3300264 0.4669299 -0.3300264 -0.3300264 0.4567721 0.3300264 0.2101273 0.4669299 0.3300264 0.2101273 0.4669299 0.3300264 0.2101273 0.4669299 0.3300264 0.2101273 0.4567721 -0.3300264 0.2101273 0.4669299 -0.3300264 0.2101273 0.4669299 -0.3300264 0.2101273 0.4669299 0.3300264 -0.2102705 0.4567721 -0.3300264 0.3300264 0.4567721 -0.3300264 -0.2102705 0.4669299 -0.3300264 -0.2102705 0.4669299 -0.3300264 -0.2102705 0.4669299 -0.3300264 0.2101273 0.4567721 0.2098453 -0.2102705 0.4669299 0.2098453 -0.2102705 0.4669299 -0.2097674 0.2101273 0.4669299 -0.2097674 0.2101273 0.4669299 0.2078453 0.2081273 0.4567721 0.2078453 0.2081273 0.4567721 0.2078453 0.2081273 0.4567721 0.2078453 -0.2082705 0.4567721 0.2078453 -0.2082705 0.4567721 0.2078453 -0.2082705 0.4567721 -0.2097674 -0.2102705 0.4669299 -0.2097674 -0.2102705 0.4669299 0.2098453 0.2101273 0.4669299 0.2098453 0.2101273 0.4669299 -0.2077674 -0.2082705 0.4567721 -0.2077674 -0.2082705 0.4567721 -0.2077674 -0.2082705 0.4567721 0.2098453 -0.2102705 0.461851 0.2098453 -0.2102705 0.461851 0.2098453 -0.2102705 0.461851 -0.2097674 -0.2102705 0.461851 -0.2097674 -0.2102705 0.461851 -0.2097674 -0.2102705 0.461851 0.2098453 0.2101273 0.461851 0.2098453 0.2101273 0.461851 0.2098453 0.2101273 0.461851 -0.2077674 0.2081273 0.4567721 -0.2077674 0.2081273 0.4567721 -0.2077674 0.2081273 0.4567721 -0.3300264 -0.2102705 0.4567721 -0.2097674 0.2101273 0.461851 -0.2097674 0.2101273 0.461851 -0.2097674 0.2101273 0.461851 -0.2077674 -0.2082705 0.461851 -0.2077674 -0.2082705 0.461851 -0.2077674 -0.2082705 0.461851 0.2078453 -0.2082705 0.461851 0.2078453 -0.2082705 0.461851 0.2078453 -0.2082705 0.461851 0.2078453 0.2081273 0.461851 0.2078453 0.2081273 0.461851 0.2078453 0.2081273 0.461851 -0.2077674 0.2081273 0.461851 -0.2077674 0.2081273 0.461851 -0.2077674 0.2081273 0.461851 -0.2481201 -0.2479443 0.1900438 -0.2481201 -0.2479443 0.1900438 0.248159 -0.2479443 0.1900437 0.248159 -0.2479443 0.1900437 -0.2481201 0.2478727 0.1900439 -0.2481201 0.2478727 0.1900439 0.248159 0.2478727 0.1900439 0.248159 0.2478727 0.1900439 -0.2481201 -0.2479443 0.2100438 -0.2481201 -0.2479443 0.2100438 0.248159 -0.2479443 0.2100437 0.248159 -0.2479443 0.2100437 -0.2481201 0.2478727 0.2100439 -0.2481201 0.2478727 0.2100439 0.248159 0.2478727 0.2100439 0.248159 0.2478727 0.2100439 -0.2501055 -0.2499279 0.1920438 -0.2501055 -0.2499279 0.1920438 -0.2501055 -0.2499279 0.1920438 -0.2501055 -0.2499279 0.2080438 -0.2501055 -0.2499279 0.2080438 -0.2501055 -0.2499279 0.2080438 0.2501444 -0.2499279 0.2080437 0.2501444 -0.2499279 0.2080437 0.2501444 -0.2499279 0.2080437 0.2501444 -0.2499279 0.1920437 0.2501444 -0.2499279 0.1920437 0.2501444 -0.2499279 0.1920437 0.2501444 0.2498562 0.1920439 0.2501444 0.2498562 0.1920439 0.2501444 0.2498562 0.1920439 0.2501444 0.2498562 0.2080438 0.2501444 0.2498562 0.2080438 0.2501444 0.2498562 0.2080438 -0.2501055 0.2498562 0.2080439 -0.2501055 0.2498562 0.2080439 -0.2501055 0.2498562 0.2080439 -0.2501055 0.2498562 0.1920439 -0.2501055 0.2498562 0.1920439 -0.2501055 0.2498562 0.1920439 0.2481591 -0.2479443 0.3400439 0.2481591 -0.2479443 0.3400439 -0.2481201 -0.2479443 0.3400439 -0.2481201 -0.2479443 0.3400439 0.2481591 0.2478727 0.3400439 0.2481591 0.2478727 0.3400439 -0.2481201 0.2478727 0.3400439 -0.2481201 0.2478727 0.3400439 0.2481591 -0.2479443 0.3200439 0.2481591 -0.2479443 0.3200439 -0.2481201 -0.2479443 0.3200438 -0.2481201 -0.2479443 0.3200438 0.2481591 0.2478727 0.3200439 0.2481591 0.2478727 0.3200439 -0.2481201 0.2478727 0.3200438 -0.2481201 0.2478727 0.3200438 0.2501444 -0.2499278 0.3380438 0.2501444 -0.2499278 0.3380438 0.2501444 -0.2499278 0.3380438 0.2501444 -0.2499278 0.3220438 0.2501444 -0.2499278 0.3220438 0.2501444 -0.2499278 0.3220438 -0.2501055 -0.2499278 0.3220438 -0.2501055 -0.2499278 0.3220438 -0.2501055 -0.2499278 0.3220438 -0.2501055 -0.2499278 0.3380438 -0.2501055 -0.2499278 0.3380438 -0.2501055 -0.2499278 0.3380438 -0.2501055 0.2498563 0.3380438 -0.2501055 0.2498563 0.3380438 -0.2501055 0.2498563 0.3380438 -0.2501055 0.2498563 0.3220438 -0.2501055 0.2498563 0.3220438 -0.2501055 0.2498563 0.3220438 0.2501444 0.2498563 0.3220438 0.2501444 0.2498563 0.3220438 0.2501444 0.2498563 0.3220438 0.2501444 0.2498563 0.3380438 0.2501444 0.2498563 0.3380438 0.2501444 0.2498563 0.3380438 0.2359412 0.2504265 0.2103438 0.2359412 0.2504265 0.2103438 0.2359412 0.2504265 0.2103438 0.2359412 0.2344621 0.2103438 0.2359412 0.2344621 0.2103438 0.2359412 0.2344621 0.2103438 0.2359412 0.2504265 0.189705 0.2359412 0.2504265 0.189705 0.2359412 0.2504265 0.189705 0.2359412 0.2344621 0.189705 0.2359412 0.2344621 0.189705 0.2359412 0.2344621 0.189705 0.2359412 0.2504265 0.3402712 0.2359412 0.2504265 0.3402712 0.2359412 0.2504265 0.3402712 0.2359412 0.2344621 0.3402712 0.2359412 0.2344621 0.3402712 0.2359412 0.2344621 0.3402712 0.2359412 0.2504265 0.3196932 0.2359412 0.2504265 0.3196932 0.2359412 0.2504265 0.3196932 0.2359412 0.2344621 0.3196932 0.2359412 0.2344621 0.3196932 0.2359412 0.2344621 0.3196932 0.2383182 0.2970895 0.004731953 0.2383182 0.2970895 0.004731953 0.2985686 0.2970895 0.004731953 0.2985686 0.2970895 0.004731953 0.250656 0.2344621 0.2103438 0.250656 0.2344621 0.2103438 0.250656 0.2344621 0.2103438 0.250656 0.2344621 0.189705 0.250656 0.2344621 0.189705 0.250656 0.2344621 0.189705 0.2379413 0.3014664 0.008666038 0.2379413 0.3014664 0.008666038 0.2989455 0.3014664 0.008666038 0.2989455 0.3014664 0.008666038 0.2383182 0.2368389 0.004731953 0.2383182 0.2368389 0.004731953 0.2985686 0.2368389 0.004731953 0.2985686 0.2368389 0.004731953 0.250656 0.2344621 0.3402712 0.250656 0.2344621 0.3402712 0.250656 0.2344621 0.3402712 0.250656 0.2344621 0.3196932 0.250656 0.2344621 0.3196932 0.250656 0.2344621 0.3196932 0.2339413 0.2974663 0.4546848 0.2339413 0.2974663 0.4546848 0.2339413 0.2364621 0.4546848 0.2339413 0.2364621 0.4546848 0.3029455 0.2364621 0.4546848 0.3029455 0.2364621 0.4546848 0.3029455 0.2974663 0.4546848 0.3029455 0.2974663 0.4546848 0.2379413 0.2324621 0.4546848 0.2379413 0.2324621 0.4546848 0.2989455 0.2324621 0.4546848 0.2989455 0.2324621 0.4546848 0.250656 0.2504265 0.2103438 0.250656 0.2504265 0.2103438 0.250656 0.2504265 0.189705 0.250656 0.2504265 0.189705 0.250656 0.2504265 0.3402712 0.250656 0.2504265 0.3402712 0.250656 0.2504265 0.3196932 0.250656 0.2504265 0.3196932 0.2379413 0.3014664 0.4546848 0.2379413 0.3014664 0.4546848 0.2989455 0.3014664 0.4546848 0.2989455 0.3014664 0.4546848 0.2359412 0.2344621 0.006666064 0.2359412 0.2344621 0.006666064 0.3009455 0.2344621 0.006666064 0.3009455 0.2344621 0.006666064 0.2379413 0.2324621 0.3422712 0.2379413 0.2324621 0.3422712 0.2379413 0.2324621 0.187705 0.2379413 0.2324621 0.187705 0.2379413 0.2324621 0.008666038 0.2379413 0.2324621 0.008666038 0.2379413 0.2324621 0.3176932 0.2379413 0.2324621 0.3176932 0.2379413 0.2324621 0.2123439 0.2379413 0.2324621 0.2123439 0.252656 0.2324621 0.2123439 0.252656 0.2324621 0.2123439 0.252656 0.2324621 0.187705 0.252656 0.2324621 0.187705 0.252656 0.2324621 0.3422712 0.252656 0.2324621 0.3422712 0.252656 0.2324621 0.3176932 0.252656 0.2324621 0.3176932 0.2989455 0.2324621 0.008666038 0.2989455 0.2324621 0.008666038 0.2359412 0.2344621 0.4566848 0.2359412 0.2344621 0.4566848 0.3009455 0.2344621 0.4566848 0.3009455 0.2344621 0.4566848 0.3029455 0.2974663 0.008666038 0.3029455 0.2974663 0.008666038 0.3009455 0.2994664 0.006666064 0.3009455 0.2994664 0.006666064 0.3029455 0.2364621 0.008666038 0.3029455 0.2364621 0.008666038 0.3009455 0.2994664 0.4566848 0.3009455 0.2994664 0.4566848 0.2359412 0.2994664 0.006666064 0.2359412 0.2994664 0.006666064 0.2359412 0.2994664 0.4566848 0.2359412 0.2994664 0.4566848 0.2339413 0.2364621 0.3422712 0.2339413 0.2364621 0.3422712 0.2339413 0.2364621 0.187705 0.2339413 0.2364621 0.187705 0.2339413 0.2364621 0.008666038 0.2339413 0.2364621 0.008666038 0.2339413 0.2524266 0.2123439 0.2339413 0.2524266 0.2123439 0.2339413 0.2364621 0.2123439 0.2339413 0.2364621 0.2123439 0.2339413 0.2524266 0.187705 0.2339413 0.2524266 0.187705 0.2339413 0.2364621 0.3176932 0.2339413 0.2364621 0.3176932 0.2339413 0.2524266 0.3422712 0.2339413 0.2524266 0.3422712 0.2339413 0.2524266 0.3176932 0.2339413 0.2524266 0.3176932 0.2339413 0.2974663 0.008666038 0.2339413 0.2974663 0.008666038 -0.2359023 0.2504265 0.2103438 -0.2359023 0.2504265 0.2103438 -0.2359023 0.2504265 0.2103438 -0.2359023 0.2344621 0.2103438 -0.2359023 0.2344621 0.2103438 -0.2359023 0.2344621 0.2103438 -0.2359023 0.2504265 0.189705 -0.2359023 0.2504265 0.189705 -0.2359023 0.2504265 0.189705 -0.2359023 0.2344621 0.189705 -0.2359023 0.2344621 0.189705 -0.2359023 0.2344621 0.189705 -0.2359023 0.2504265 0.3402712 -0.2359023 0.2504265 0.3402712 -0.2359023 0.2504265 0.3402712 -0.2359023 0.2344621 0.3402712 -0.2359023 0.2344621 0.3402712 -0.2359023 0.2344621 0.3402712 -0.2359023 0.2504265 0.3196932 -0.2359023 0.2504265 0.3196932 -0.2359023 0.2504265 0.3196932 -0.2359023 0.2344621 0.3196932 -0.2359023 0.2344621 0.3196932 -0.2359023 0.2344621 0.3196932 -0.2382792 0.2970895 0.004731953 -0.2382792 0.2970895 0.004731953 -0.2985297 0.2970895 0.004731953 -0.2985297 0.2970895 0.004731953 -0.250617 0.2344621 0.2103438 -0.250617 0.2344621 0.2103438 -0.250617 0.2344621 0.2103438 -0.250617 0.2344621 0.189705 -0.250617 0.2344621 0.189705 -0.250617 0.2344621 0.189705 -0.2382792 0.2368389 0.004731953 -0.2382792 0.2368389 0.004731953 -0.2985297 0.2368389 0.004731953 -0.2985297 0.2368389 0.004731953 -0.250617 0.2344621 0.3402712 -0.250617 0.2344621 0.3402712 -0.250617 0.2344621 0.3402712 -0.250617 0.2344621 0.3196932 -0.250617 0.2344621 0.3196932 -0.250617 0.2344621 0.3196932 -0.2339023 0.2974663 0.4546848 -0.2339023 0.2974663 0.4546848 -0.2339023 0.2364621 0.4546848 -0.2339023 0.2364621 0.4546848 -0.3029066 0.2364621 0.4546848 -0.3029066 0.2364621 0.4546848 -0.3029066 0.2974663 0.4546848 -0.3029066 0.2974663 0.4546848 -0.2379023 0.2324621 0.4546848 -0.2379023 0.2324621 0.4546848 -0.2989066 0.2324621 0.4546848 -0.2989066 0.2324621 0.4546848 -0.250617 0.2504265 0.2103438 -0.250617 0.2504265 0.2103438 -0.250617 0.2504265 0.189705 -0.250617 0.2504265 0.189705 -0.250617 0.2504265 0.3402712 -0.250617 0.2504265 0.3402712 -0.250617 0.2504265 0.3196932 -0.250617 0.2504265 0.3196932 -0.2379023 0.3014664 0.4546848 -0.2379023 0.3014664 0.4546848 -0.2989066 0.3014664 0.4546848 -0.2989066 0.3014664 0.4546848 -0.2359023 0.2344621 0.006666064 -0.2359023 0.2344621 0.006666064 -0.3009066 0.2994664 0.006666064 -0.3009066 0.2994664 0.006666064 -0.3009066 0.2344621 0.006666064 -0.3009066 0.2344621 0.006666064 -0.2379023 0.2324621 0.3422712 -0.2379023 0.2324621 0.3422712 -0.2379023 0.2324621 0.187705 -0.2379023 0.2324621 0.187705 -0.2379023 0.2324621 0.008666038 -0.2379023 0.2324621 0.008666038 -0.2379023 0.2324621 0.3176932 -0.2379023 0.2324621 0.3176932 -0.2379023 0.2324621 0.2123439 -0.2379023 0.2324621 0.2123439 -0.2526171 0.2324621 0.2123439 -0.2526171 0.2324621 0.2123439 -0.2526171 0.2324621 0.187705 -0.2526171 0.2324621 0.187705 -0.2526171 0.2324621 0.3422712 -0.2526171 0.2324621 0.3422712 -0.2526171 0.2324621 0.3176932 -0.2526171 0.2324621 0.3176932 -0.2989066 0.2324621 0.008666038 -0.2989066 0.2324621 0.008666038 -0.2359023 0.2344621 0.4566848 -0.2359023 0.2344621 0.4566848 -0.3009066 0.2344621 0.4566848 -0.3009066 0.2344621 0.4566848 -0.3029066 0.2364621 0.008666038 -0.3029066 0.2364621 0.008666038 -0.3029066 0.2974663 0.008666038 -0.3029066 0.2974663 0.008666038 -0.3009066 0.2994664 0.4566848 -0.3009066 0.2994664 0.4566848 -0.2989066 0.3014664 0.008666038 -0.2989066 0.3014664 0.008666038 -0.2359023 0.2994664 0.4566848 -0.2359023 0.2994664 0.4566848 -0.2339023 0.2364621 0.3422712 -0.2339023 0.2364621 0.3422712 -0.2339023 0.2364621 0.187705 -0.2339023 0.2364621 0.187705 -0.2339023 0.2364621 0.008666038 -0.2339023 0.2364621 0.008666038 -0.2339023 0.2524266 0.2123439 -0.2339023 0.2524266 0.2123439 -0.2339023 0.2364621 0.2123439 -0.2339023 0.2364621 0.2123439 -0.2339023 0.2524266 0.187705 -0.2339023 0.2524266 0.187705 -0.2339023 0.2364621 0.3176932 -0.2339023 0.2364621 0.3176932 -0.2339023 0.2524266 0.3422712 -0.2339023 0.2524266 0.3422712 -0.2339023 0.2524266 0.3176932 -0.2339023 0.2524266 0.3176932 -0.2339023 0.2974663 0.008666038 -0.2339023 0.2974663 0.008666038 0.2359412 -0.2504981 0.2103438 0.2359412 -0.2504981 0.2103438 0.2359412 -0.2504981 0.2103438 0.2359412 -0.2345337 0.2103438 0.2359412 -0.2345337 0.2103438 0.2359412 -0.2345337 0.2103438 0.2359412 -0.2504981 0.189705 0.2359412 -0.2504981 0.189705 0.2359412 -0.2504981 0.189705 0.2359412 -0.2345337 0.189705 0.2359412 -0.2345337 0.189705 0.2359412 -0.2345337 0.189705 0.2359412 -0.2504981 0.3402712 0.2359412 -0.2504981 0.3402712 0.2359412 -0.2504981 0.3402712 0.2359412 -0.2345337 0.3402712 0.2359412 -0.2345337 0.3402712 0.2359412 -0.2345337 0.3402712 0.2359412 -0.2504981 0.3196932 0.2359412 -0.2504981 0.3196932 0.2359412 -0.2504981 0.3196932 0.2359412 -0.2345337 0.3196932 0.2359412 -0.2345337 0.3196932 0.2359412 -0.2345337 0.3196932 0.3029455 -0.2365337 0.008666038 0.3029455 -0.2365337 0.008666038 0.3029455 -0.2975379 0.008666038 0.3029455 -0.2975379 0.008666038 0.2383182 -0.2971611 0.004731953 0.2383182 -0.2971611 0.004731953 0.2985686 -0.2971611 0.004731953 0.2985686 -0.2971611 0.004731953 0.250656 -0.2345337 0.2103438 0.250656 -0.2345337 0.2103438 0.250656 -0.2345337 0.2103438 0.250656 -0.2345337 0.189705 0.250656 -0.2345337 0.189705 0.250656 -0.2345337 0.189705 0.2383182 -0.2369105 0.004731953 0.2383182 -0.2369105 0.004731953 0.2985686 -0.2369105 0.004731953 0.2985686 -0.2369105 0.004731953 0.250656 -0.2345337 0.3402712 0.250656 -0.2345337 0.3402712 0.250656 -0.2345337 0.3402712 0.250656 -0.2345337 0.3196932 0.250656 -0.2345337 0.3196932 0.250656 -0.2345337 0.3196932 0.2339413 -0.2975379 0.4546848 0.2339413 -0.2975379 0.4546848 0.2339413 -0.2365337 0.4546848 0.2339413 -0.2365337 0.4546848 0.3029455 -0.2365337 0.4546848 0.3029455 -0.2365337 0.4546848 0.3029455 -0.2975379 0.4546848 0.3029455 -0.2975379 0.4546848 0.2379413 -0.2325337 0.4546848 0.2379413 -0.2325337 0.4546848 0.2989455 -0.2325337 0.4546848 0.2989455 -0.2325337 0.4546848 0.250656 -0.2504981 0.2103438 0.250656 -0.2504981 0.2103438 0.250656 -0.2504981 0.189705 0.250656 -0.2504981 0.189705 0.250656 -0.2504981 0.3402712 0.250656 -0.2504981 0.3402712 0.250656 -0.2504981 0.3196932 0.250656 -0.2504981 0.3196932 0.2379413 -0.3015379 0.4546848 0.2379413 -0.3015379 0.4546848 0.2989455 -0.3015379 0.4546848 0.2989455 -0.3015379 0.4546848 0.2359412 -0.299538 0.006666064 0.2359412 -0.299538 0.006666064 0.2359412 -0.2345337 0.006666064 0.2359412 -0.2345337 0.006666064 0.3009455 -0.299538 0.006666064 0.3009455 -0.299538 0.006666064 0.2379413 -0.2325337 0.3422712 0.2379413 -0.2325337 0.3422712 0.2379413 -0.2325337 0.187705 0.2379413 -0.2325337 0.187705 0.2379413 -0.2325337 0.008666038 0.2379413 -0.2325337 0.008666038 0.2379413 -0.2325337 0.3176932 0.2379413 -0.2325337 0.3176932 0.2379413 -0.2325337 0.2123439 0.2379413 -0.2325337 0.2123439 0.252656 -0.2325337 0.2123439 0.252656 -0.2325337 0.2123439 0.252656 -0.2325337 0.187705 0.252656 -0.2325337 0.187705 0.252656 -0.2325337 0.3422712 0.252656 -0.2325337 0.3422712 0.252656 -0.2325337 0.3176932 0.252656 -0.2325337 0.3176932 0.2989455 -0.2325337 0.008666038 0.2989455 -0.2325337 0.008666038 0.2359412 -0.2345337 0.4566848 0.2359412 -0.2345337 0.4566848 0.3009455 -0.2345337 0.006666064 0.3009455 -0.2345337 0.006666064 0.3009455 -0.2345337 0.4566848 0.3009455 -0.2345337 0.4566848 0.3009455 -0.299538 0.4566848 0.3009455 -0.299538 0.4566848 0.2989455 -0.3015379 0.008666038 0.2989455 -0.3015379 0.008666038 0.2379413 -0.3015379 0.008666038 0.2379413 -0.3015379 0.008666038 0.2359412 -0.299538 0.4566848 0.2359412 -0.299538 0.4566848 0.2339413 -0.2365337 0.3422712 0.2339413 -0.2365337 0.3422712 0.2339413 -0.2365337 0.187705 0.2339413 -0.2365337 0.187705 0.2339413 -0.2365337 0.008666038 0.2339413 -0.2365337 0.008666038 0.2339413 -0.2524982 0.2123439 0.2339413 -0.2524982 0.2123439 0.2339413 -0.2365337 0.2123439 0.2339413 -0.2365337 0.2123439 0.2339413 -0.2524982 0.187705 0.2339413 -0.2524982 0.187705 0.2339413 -0.2365337 0.3176932 0.2339413 -0.2365337 0.3176932 0.2339413 -0.2524982 0.3422712 0.2339413 -0.2524982 0.3422712 0.2339413 -0.2524982 0.3176932 0.2339413 -0.2524982 0.3176932 0.2339413 -0.2975379 0.008666038 0.2339413 -0.2975379 0.008666038 -0.2359023 -0.2504981 0.2103438 -0.2359023 -0.2504981 0.2103438 -0.2359023 -0.2504981 0.2103438 -0.2359023 -0.2345337 0.2103438 -0.2359023 -0.2345337 0.2103438 -0.2359023 -0.2345337 0.2103438 -0.2359023 -0.2504981 0.189705 -0.2359023 -0.2504981 0.189705 -0.2359023 -0.2504981 0.189705 -0.2359023 -0.2345337 0.189705 -0.2359023 -0.2345337 0.189705 -0.2359023 -0.2345337 0.189705 -0.2359023 -0.2504981 0.3402712 -0.2359023 -0.2504981 0.3402712 -0.2359023 -0.2504981 0.3402712 -0.2359023 -0.2345337 0.3402712 -0.2359023 -0.2345337 0.3402712 -0.2359023 -0.2345337 0.3402712 -0.2359023 -0.2504981 0.3196932 -0.2359023 -0.2504981 0.3196932 -0.2359023 -0.2504981 0.3196932 -0.2359023 -0.2345337 0.3196932 -0.2359023 -0.2345337 0.3196932 -0.2359023 -0.2345337 0.3196932 -0.2382792 -0.2971611 0.004731953 -0.2382792 -0.2971611 0.004731953 -0.2985297 -0.2971611 0.004731953 -0.2985297 -0.2971611 0.004731953 -0.250617 -0.2345337 0.2103438 -0.250617 -0.2345337 0.2103438 -0.250617 -0.2345337 0.2103438 -0.250617 -0.2345337 0.189705 -0.250617 -0.2345337 0.189705 -0.250617 -0.2345337 0.189705 -0.2382792 -0.2369105 0.004731953 -0.2382792 -0.2369105 0.004731953 -0.2985297 -0.2369105 0.004731953 -0.2985297 -0.2369105 0.004731953 -0.250617 -0.2345337 0.3402712 -0.250617 -0.2345337 0.3402712 -0.250617 -0.2345337 0.3402712 -0.250617 -0.2345337 0.3196932 -0.250617 -0.2345337 0.3196932 -0.250617 -0.2345337 0.3196932 -0.2339023 -0.2975379 0.4546848 -0.2339023 -0.2975379 0.4546848 -0.2339023 -0.2365337 0.4546848 -0.2339023 -0.2365337 0.4546848 -0.3029066 -0.2365337 0.4546848 -0.3029066 -0.2365337 0.4546848 -0.3029066 -0.2975379 0.4546848 -0.3029066 -0.2975379 0.4546848 -0.2379023 -0.2325337 0.4546848 -0.2379023 -0.2325337 0.4546848 -0.2989066 -0.2325337 0.4546848 -0.2989066 -0.2325337 0.4546848 -0.250617 -0.2504981 0.2103438 -0.250617 -0.2504981 0.2103438 -0.250617 -0.2504981 0.189705 -0.250617 -0.2504981 0.189705 -0.250617 -0.2504981 0.3402712 -0.250617 -0.2504981 0.3402712 -0.250617 -0.2504981 0.3196932 -0.250617 -0.2504981 0.3196932 -0.2379023 -0.3015379 0.4546848 -0.2379023 -0.3015379 0.4546848 -0.2989066 -0.3015379 0.4546848 -0.2989066 -0.3015379 0.4546848 -0.2359023 -0.299538 0.006666064 -0.2359023 -0.299538 0.006666064 -0.2359023 -0.2345337 0.006666064 -0.2359023 -0.2345337 0.006666064 -0.3009066 -0.299538 0.006666064 -0.3009066 -0.299538 0.006666064 -0.3009066 -0.2345337 0.006666064 -0.3009066 -0.2345337 0.006666064 -0.2379023 -0.2325337 0.3422712 -0.2379023 -0.2325337 0.3422712 -0.2379023 -0.2325337 0.187705 -0.2379023 -0.2325337 0.187705 -0.2379023 -0.2325337 0.008666038 -0.2379023 -0.2325337 0.008666038 -0.2379023 -0.2325337 0.3176932 -0.2379023 -0.2325337 0.3176932 -0.2379023 -0.2325337 0.2123439 -0.2379023 -0.2325337 0.2123439 -0.2526171 -0.2325337 0.2123439 -0.2526171 -0.2325337 0.2123439 -0.2526171 -0.2325337 0.187705 -0.2526171 -0.2325337 0.187705 -0.2526171 -0.2325337 0.3422712 -0.2526171 -0.2325337 0.3422712 -0.2526171 -0.2325337 0.3176932 -0.2526171 -0.2325337 0.3176932 -0.2989066 -0.2325337 0.008666038 -0.2989066 -0.2325337 0.008666038 -0.2359023 -0.2345337 0.4566848 -0.2359023 -0.2345337 0.4566848 -0.3009066 -0.2345337 0.4566848 -0.3009066 -0.2345337 0.4566848 -0.3029066 -0.2365337 0.008666038 -0.3029066 -0.2365337 0.008666038 -0.3029066 -0.2975379 0.008666038 -0.3029066 -0.2975379 0.008666038 -0.3009066 -0.299538 0.4566848 -0.3009066 -0.299538 0.4566848 -0.2379023 -0.3015379 0.008666038 -0.2379023 -0.3015379 0.008666038 -0.2989066 -0.3015379 0.008666038 -0.2989066 -0.3015379 0.008666038 -0.2359023 -0.299538 0.4566848 -0.2359023 -0.299538 0.4566848 -0.2339023 -0.2365337 0.3422712 -0.2339023 -0.2365337 0.3422712 -0.2339023 -0.2365337 0.187705 -0.2339023 -0.2365337 0.187705 -0.2339023 -0.2365337 0.008666038 -0.2339023 -0.2365337 0.008666038 -0.2339023 -0.2524982 0.2123439 -0.2339023 -0.2524982 0.2123439 -0.2339023 -0.2365337 0.2123439 -0.2339023 -0.2365337 0.2123439 -0.2339023 -0.2524982 0.187705 -0.2339023 -0.2524982 0.187705 -0.2339023 -0.2365337 0.3176932 -0.2339023 -0.2365337 0.3176932 -0.2339023 -0.2524982 0.3422712 -0.2339023 -0.2524982 0.3422712 -0.2339023 -0.2524982 0.3176932 -0.2339023 -0.2524982 0.3176932 -0.2339023 -0.2975379 0.008666038 -0.2339023 -0.2975379 0.008666038 0.3300264 -0.2102705 0.4669299 -0.3300264 0.2101273 0.4567721 -0.3300264 0.3300264 0.4567721 0.3300264 -0.2102705 0.4567721 0.3300264 -0.3300264 0.4567721 -0.3300264 0.3300264 0.4567721 0.3300264 0.3300264 0.4567721 -0.3300264 -0.3300264 0.4567721 0.3300264 -0.3300264 0.4567721 0.3300264 0.2101273 0.4567721 0.3300264 0.3300264 0.4567721 0.3300264 -0.3300264 0.4669299 -0.3300264 0.3300264 0.4669299 0.3300264 0.3300264 0.4669299 -0.3300264 -0.3300264 0.4669299 0.3300264 0.2101273 0.4669299 -0.3300264 0.2101273 0.4669299 -0.3300264 -0.2102705 0.4669299 0.3300264 -0.3300264 0.4669299 -0.3300264 -0.3300264 0.4669299 0.3300264 0.3300264 0.4669299 -0.3300264 0.3300264 0.4669299 0.3300264 0.2101273 0.4567721 -0.2077674 -0.2082705 0.4567721 0.2078453 -0.2082705 0.4567721 -0.3300264 -0.2102705 0.4567721 -0.3300264 -0.3300264 0.4567721 -0.3300264 0.2101273 0.4567721 -0.3300264 -0.2102705 0.4567721 0.3300264 -0.2102705 0.4567721 -0.3300264 -0.2102705 0.4669299 -0.3300264 0.2101273 0.4669299 0.3300264 0.2101273 0.4669299 0.3300264 -0.2102705 0.4669299 -0.2077674 0.2081273 0.4567721 0.2078453 0.2081273 0.4567721 -0.2379023 0.3014664 0.008666038 -0.2379023 0.3014664 0.008666038 -0.2359023 0.2994664 0.006666064 -0.2359023 0.2994664 0.006666064 0.2096375 -0.2100623 0.4620628 -0.2095596 -0.2100623 0.4620628 0.2096375 0.209919 0.4620628 -0.2065046 0.2068585 0.469694 0.2065825 0.2068585 0.469694 -0.2065046 -0.2070016 0.469694 0.2065825 -0.2070016 0.469694 -0.2095596 0.209919 0.4620628 0.2096375 -0.2100623 0.4647861 -0.2095596 -0.2100623 0.4647861 0.2096375 0.209919 0.4647861 -0.2095596 0.209919 0.4647861 -0.2095596 -0.2100623 0.4620628 -0.2095596 -0.2100623 0.4620628 0.2096375 -0.2100623 0.4620628 0.2096375 -0.2100623 0.4620628 0.2096375 0.209919 0.4620628 0.2096375 0.209919 0.4620628 -0.2095596 0.209919 0.4620628 -0.2095596 0.209919 0.4620628 -0.2065046 -0.2070016 0.469694 -0.2065046 -0.2070016 0.469694 -0.2095596 -0.2100623 0.4647861 0.2096375 -0.2100623 0.4647861 0.2065825 -0.2070016 0.469694 0.2065825 -0.2070016 0.469694 0.2065825 0.2068585 0.469694 0.2065825 0.2068585 0.469694 0.2096375 0.209919 0.4647861 -0.2095596 0.209919 0.4647861 -0.2065046 0.2068585 0.469694 -0.2065046 0.2068585 0.469694 -0.2095596 -0.2100623 0.4647861 0.2096375 -0.2100623 0.4647861 0.2096375 0.209919 0.4647861 -0.2095596 0.209919 0.4647861 0.2096375 -0.2100623 0.4647861 -0.2095596 -0.2100623 0.4647861 0.2096375 0.209919 0.4647861 -0.2095596 0.209919 0.4647861</float_array>
          <technique_common>
            <accessor source="#Cube_003-mesh-positions-array" count="1104" stride="3">
              <param name="X" type="float"/>
              <param name="Y" type="float"/>
              <param name="Z" type="float"/>
            </accessor>
          </technique_common>
        </source>
        <source id="Cube_003-mesh-normals">
          <float_array id="Cube_003-mesh-normals-array" count="951">0 1.80323e-7 -1 0 -2.10376e-7 1 0 -1 0 0 1 0 -1 0 0 1 0 0 0 0 1 1.21116e-7 0 -1 1 0 0 0 -0.7100169 -0.7041847 0 0.71003 -0.7041715 -0.7096952 1.57259e-7 -0.7045089 0.709699 2.47964e-7 -0.704505 1.24915e-7 -0.7100113 0.7041904 1.23927e-7 0.7100404 0.704161 -0.7097011 -1.65307e-7 0.704503 0.7097138 -2.99776e-7 0.7044902 0 -0.7100458 0.7041556 0 0.7100297 0.7041718 0.7097377 0 0.7044662 -0.7096953 0 0.7045088 0 -0.7100407 -0.7041607 1.66556e-7 0.7099982 -0.7042036 0.7097032 0 -0.7045009 -0.7096889 0 -0.7045153 0 -0.6709133 -0.7415359 0 -0.6311681 -0.7756462 0 0 -1 -0.7070884 -0.7071252 0 -0.7070915 -0.7071222 0 -0.7070899 -0.7071238 0 0 -0.7071229 -0.7070907 0 -0.7071124 0.7071012 0 -0.7071054 -0.7071082 -0.7071088 -0.7071048 0 0 -0.7071118 0.7071017 -0.7071128 -0.7071008 0 0.7071145 0.7070991 0 0.7071068 0 0.7071068 0.7071104 0.7071032 0 -0.7070928 0.7071208 0 0 0.7071065 0.7071071 -0.7071248 -0.7070888 0 -0.7071157 -0.7070978 0 -0.7071416 0 -0.707072 -0.7071216 0 0.707092 -0.7071228 -0.7070909 0 -0.7071171 0 -0.7070965 -0.7071253 0 0.7070882 -0.7071353 -0.7070784 0 -0.7071388 -0.7070748 0 -0.6311348 0 -0.7756732 -0.6708981 0 -0.7415496 0.7071086 -0.7071049 0 0.7071115 -0.707102 0 0.7071114 -0.7071022 0 0 -0.7071257 -0.7070879 0 -0.7071089 0.7071048 0 -0.7071103 -0.7071033 0.7070888 -0.7071248 0 0 -0.7071074 0.7071062 0.7070898 -0.7071238 0 0 -0.7071068 -0.7071068 -0.70711 0 0.7071037 0 0.7071105 0.7071031 0.7071075 -0.7071061 0 0.7071054 -0.7071082 0 0.7071242 0 -0.7070894 0.7071042 0 0.7071094 0.7071059 -0.7071076 0 0.7071061 0 0.7071074 0.7071089 0 0.7071048 0.7071213 -0.7070924 0 0.7071248 -0.7070888 0 0 -0.6708981 -0.7415496 0 -0.6311348 -0.7756732 -1 -1.57023e-6 0 -1 -6.71388e-6 0 -0.707087 0.7071266 0 -0.7070906 0.7071231 0 -0.7070884 0.7071253 0 0 0.7071285 -0.7070851 0 0.707111 0.7071026 0 0.707111 -0.7071026 -0.7071068 0.7071068 0 0 0.7071087 0.7071049 -0.7071168 0.7070968 0 0.7071134 0.7071003 0 0.7071204 0 0.7070932 0.7071042 0.7071093 0 0 -0.7071201 0.7070935 -0.7071235 0.7070902 0 -0.7071191 0.7070945 0 -0.7071229 0.7070907 0 -0.7071235 0 0.70709 -0.7071377 0 0.707076 -0.7071353 0.7070784 0 -0.7071388 0.7070748 0 0 0.6709133 -0.7415359 0 0.6311681 -0.7756462 0 1 1.35807e-7 0.6708981 0 -0.7415496 0.6311348 0 -0.7756732 0.7071111 0.7071026 0 0.7071131 0.7071006 0 0.707114 0.7070997 0 0 0.7071243 -0.7070893 0 0.707104 0.7071096 0 0.7071089 -0.7071048 0.7070848 0.7071287 0 0 0.7071121 0.7071014 0.7070888 0.7071248 0 -0.7071173 0 0.7070963 0 -0.7071269 0.7070868 0.7071079 0.7071058 0 0.7071086 0.7071051 0 0.7071223 0 -0.7070913 0.7071023 0 0.7071113 0.7071046 0.707109 0 0.7070978 0 -0.7071158 0.7071171 0 0.7070965 0.7071193 0.7070944 0 0.7071228 0.7070908 0 0.7071068 0 -0.7071068 0.781104 0 0.624401 0 0.7810949 0.6244124 0 -0.7810949 0.6244124 -0.7811001 0 0.6244058 0 0.9891988 0.1465807 0 0.9757919 0.2187009 0.7810959 0 0.6244111 -0.7811044 0 0.6244006 0 -0.9891988 0.1465807 0 -0.9757919 0.2187009 0 -0.9849154 0.1730366 0 0.9849185 0.1730189 0 -0.9849151 0.1730383 0 0.9849212 0.1730039 0 0.9891981 0.1465851 -0.781108 0 0.624396 0.7811029 0 0.6244025 0 0 -1 3.54453e-5 0 1 -3.54453e-5 0 1 -1 1.57023e-6 0 0.7071217 0.7070919 0 -0.707122 0 -0.7070915 1 -1.57023e-6 0 0 1 0 -0.7071078 0.7071059 0 0 -1 0 -0.7071108 -0.7071028 0 0 0.7071068 -0.7071068 0 0.6708981 -0.7415496 0 0.6311348 -0.7756732 0.7071005 -0.7071132 0 0.7071155 -0.7070981 0 -0.7071262 -0.7070875 0 1 1.57023e-6 0 0 -0.707122 -0.7070915 -0.7071299 0.7070837 0 0 1 -1.27904e-7 -0.7070794 -0.7071343 0 0.7070956 -0.707118 0 0.7071078 -0.7071059 0 -0.7071104 0.7071032 0 -0.707107 -0.7071067 0 0.7071154 0.7070982 0 -0.7071068 0 -0.7071068 -1 6.71387e-6 0 1 -6.71388e-6 0 -0.707136 -0.7070775 0 0.7070987 -0.7071149 0 0.7071204 -0.7070932 0 -0.7071063 -0.7071073 0 -0.707138 0.7070757 0 1 6.71387e-6 0 -0.7071205 0.7070931 0 -1.81674e-7 3.90699e-7 -1 1.81674e-7 -4.20753e-7 1 2.42233e-7 0 -1 -1.66552e-7 -0.7100141 -0.7041875 0 0.7100381 -0.7041633 -0.7096876 0 -0.7045165 0.7096926 2.4995e-7 -0.7045115 1.23924e-7 -0.7100223 0.7041792 0 0.7100483 0.7041531 -0.7096847 0 0.7045195 0.7096955 0 0.7045086 0 -0.7100539 0.7041473 0 0.7100297 0.7041717 0.7097138 0 0.7044901 -0.7097139 0 0.7044901 1.6656e-7 -0.7100142 -0.7041874 0 0.7100117 -0.70419 0.7096904 0 -0.7045137 -0.7096953 0 -0.7045088 -0.7070847 -0.707129 0 -0.7070858 -0.7071278 0 -0.7070799 -0.7071338 0 0 -0.7071278 -0.7070859 0 -0.7071054 0.7071082 0 -0.7071138 -0.7070998 -0.7070959 -0.7071176 0 0 -0.7071115 0.7071021 -0.7070968 -0.7071169 0 0.7071211 0.7070925 0 0.707102 0 0.7071117 0.7071053 0.7071083 0 -0.7070817 0.7071319 0 0 0.7071119 0.7071018 -0.7071284 -0.7070852 0 -0.7071252 -0.7070884 0 -0.7071422 0 -0.7070714 -0.7071248 0 0.7070888 -0.7071262 -0.7070875 0 -0.70713 0 0.7070837 -0.7071203 0 0.7070933 -0.7071477 -0.7070659 0 -0.7071428 -0.7070708 0 0.7071022 -0.7071114 0 0.7071005 -0.7071131 0 0.7071049 -0.7071088 0 0 -0.7071264 -0.7070872 0 -0.7071096 0.707104 0 -0.7071096 -0.707104 0.7070826 -0.707131 0 0 -0.7071121 0.7071016 0.70709 -0.7071235 0 -0.707102 0 0.7071117 0 0.7071126 0.7071011 0.7071108 -0.7071028 0 0.7071031 -0.7071105 0 0.707121 0 -0.7070927 0.7071055 0 0.7071081 0.7071074 -0.7071062 0 0.7071004 0 -0.7071133 0.7071107 0 0.707103 0.7071018 0 0.7071119 0.707121 -0.7070926 0 0.7071227 -0.7070909 0 0 1 2.71614e-7 -0.7070847 0.707129 0 -0.7070858 0.7071278 0 -0.7070799 0.7071338 0 0 0.7071222 -0.7070914 0 0.7071082 0.7071054 0 0.7071082 -0.7071054 -0.7070959 0.7071176 0 0 0.7071115 0.7071021 -0.7070968 0.7071169 0 0.7071027 0.707111 0 0.7070912 0 0.7071225 0 -0.7071227 0.707091 -0.7071284 0.7070852 0 -0.7071252 0.7070884 0 -0.7071397 0 -0.7070739 -0.7071242 0 0.7070894 -0.7071262 0.7070875 0 -0.7071191 0 -0.7070946 -0.7071294 0 0.7070842 -0.7071095 0 0.7071041 -0.7071477 0.7070659 0 -0.7071428 0.7070708 0 0.7071022 0.7071114 0 0.7071005 0.7071131 0 0.7071049 0.7071088 0 0 0.7071208 -0.7070928 0 0.7071089 0.7071048 0 0.707104 -0.7071096 0.7070826 0.707131 0 0 0.7071067 0.707107 0.70709 0.7071235 0 -0.7070912 0 0.7071225 0 -0.7071233 0.7070903 0.7071108 0.7071028 0 0.7071031 0.7071105 0 0.7071229 0 -0.7070907 0.7071074 0.7071062 0 0.7070913 0 0.7071223 0.707121 0.7070926 0 0.7071227 0.7070909 0 0.7810996 0 0.6244066 0 0.7811049 0.6243999 0 -0.7811049 0.6243999 -0.781104 0 0.624401 0.7811044 0 0.6244006 -0.7810953 0 0.6244118 0 -0.984916 0.173033 0 0.9849205 0.1730077 0 -0.9849161 0.1730328 0 0.9849191 0.1730152 -0.7810975 0 0.6244092 0.7811026 0 0.6244028 -0.7071027 0.707111 0 -0.7071027 -0.707111 0 0.7070895 -0.7071241 0 0.7071211 -0.7070925 0 -0.7071211 -0.7070925 0 -0.7071211 0.7070925 0 -0.7070659 -0.7071478 0 0.7071027 -0.707111 0 -0.7071053 0.7071083 0 -0.7071053 -0.7071083 0 -0.7071447 -0.7070689 0 0.7071053 -0.7071083 0 -0.7070777 -0.7071359 0 -0.7071447 0.7070689 0 -0.7070935 0.7071201 0 0.8489626 0 0.5284531 0 -0.8485207 0.5291623 -0.8489661 0 0.5284474 0 0.8485262 0.5291534 0.8489624 0 0.5284534 0 -0.8485207 0.5291624 -0.8489589 0 0.5284588 0 0.848529 0.5291491</float_array>
          <technique_common>
            <accessor source="#Cube_003-mesh-normals-array" count="317" stride="3">
              <param name="X" type="float"/>
              <param name="Y" type="float"/>
              <param name="Z" type="float"/>
            </accessor>
          </technique_common>
        </source>
        <source id="Cube_003-mesh-map-0">
          <float_array id="Cube_003-mesh-map-0-array" count="3768">0.7513631 0.7177376 0.751363 0.476277 0.9930485 0.476277 0.7400193 0.9705387 0.4983348 0.9705389 0.4983347 0.7290798 0.7409858 0.7277078 0.497368 0.7277083 0.497368 0.7199163 0.4973677 0.9719106 0.7409862 0.9719104 0.7409862 0.9797022 0.4969623 0.7281138 0.4969593 0.971507 0.4891678 0.9715068 0.7491836 0.9715048 0.7413917 0.9715048 0.7413918 0.7281133 0.7400166 0.4657428 0.7400165 0.7071998 0.4983345 0.7071997 0.7513657 0.7185443 0.9930512 0.7185443 0.9930512 0.9600048 0.4973663 0.4565767 0.7409834 0.4565792 0.7409834 0.4643711 0.7409848 0.7163657 0.4973675 0.7163635 0.4973676 0.7085714 0.7491838 0.4647748 0.7491803 0.7081658 0.7413888 0.7081657 0.4891698 0.708166 0.4891707 0.4647766 0.4969622 0.4647766 0.7409858 0.7199158 0.497368 0.7199163 0.4983349 0.7185445 0.7409862 0.9797022 0.7400193 0.981074 0.4983345 0.981074 0.4891678 0.9715068 0.4877954 0.970541 0.4877974 0.72908 0.7491836 0.9715048 0.7491833 0.7281133 0.7505557 0.7290793 0.7409858 0.7277078 0.740019 0.7290796 0.4983347 0.7290798 0.7409862 0.9719104 0.4973677 0.9719106 0.4983348 0.9705389 0.4969593 0.971507 0.4969623 0.7281138 0.4983347 0.7290798 0.7413917 0.9715048 0.7400193 0.9705387 0.740019 0.7290796 0.7409834 0.4643711 0.7400166 0.4657428 0.4983346 0.4657426 0.7409849 0.7085739 0.4973676 0.7085714 0.4983345 0.7071997 0.7413919 0.4647747 0.7413888 0.7081657 0.7400165 0.7071998 0.4969622 0.4647766 0.4983346 0.4657426 0.4983345 0.7071997 0.7409834 0.4565792 0.4973663 0.4565767 0.4983331 0.4552049 0.7409848 0.7163657 0.740018 0.7177375 0.498336 0.7177376 0.7491838 0.4647748 0.7505562 0.4657407 0.7505532 0.7071995 0.4891707 0.4647766 0.4891698 0.708166 0.4877973 0.7072 0.07290852 0.474289 0.1243119 0.474334 0.1244312 0.4815071 0.2253645 0.4739011 0.2269216 0.4751359 0.2265908 0.506009 0.005676746 0.5392522 0.2238489 0.5391519 0.2238985 0.5689243 0.0727775 0.5940088 0.124439 0.5939632 0.1243277 0.6017513 0.005519509 0.6014482 0.005672097 0.5715582 0.06067746 0.5939319 0.005672276 0.5045281 0.005518913 0.474638 0.06067335 0.4815402 0.2266241 0.5700766 0.2266313 0.537952 0.2588619 0.5379591 0.237927 0.4665707 0.237927 0.458774 0.2479768 0.458774 0.2372869 0.4467924 0.2372869 0.4389957 0.2473664 0.4389957 0.2372868 0.4318095 0.2473663 0.4318094 0.2473664 0.4389957 0.237927 0.4515876 0.2479768 0.4515876 0.2479768 0.458774 0.2551632 0.458774 0.2551632 0.4665707 0.2479768 0.4665707 0.2545529 0.4389957 0.2545529 0.4467924 0.2473665 0.4467924 0.2372869 0.4389957 0.2372869 0.4467924 0.2301004 0.4467924 0.237927 0.458774 0.237927 0.4665707 0.2307406 0.4665707 0.005518913 0.474638 0.0605089 0.4743492 0.06067335 0.4815402 0.1367043 0.6016445 0.136533 0.5938566 0.2241756 0.6010231 0.2238959 0.5048123 0.07277554 0.4814625 0.1244312 0.4815071 0.136524 0.4816127 0.1366994 0.4744393 0.2241449 0.4750521 0.2238959 0.5048123 0.1244312 0.4815071 0.136524 0.4816127 0.2238959 0.5048123 0.06067335 0.4815402 0.07277554 0.4814625 0.005518913 0.474638 0.004326999 0.4734569 0.06164073 0.4731518 0.1366994 0.4744393 0.135573 0.4732426 0.2253645 0.4739011 0.07290852 0.474289 0.07177478 0.4730995 0.1254482 0.4731465 0.1243119 0.474334 0.1254482 0.4731465 0.1256411 0.4803321 0.1366994 0.4744393 0.136524 0.4816127 0.1353321 0.4804208 0.0605089 0.4743492 0.06164073 0.4731518 0.06187355 0.4803493 0.07290852 0.474289 0.07277554 0.4814625 0.07156902 0.4802808 0.1244312 0.4815071 0.1256411 0.4803321 0.1353321 0.4804208 0.005672276 0.5045281 0.004484057 0.50573 0.004326999 0.4734569 0.06067335 0.4815402 0.06187355 0.4803493 0.07156902 0.4802808 0.2238439 0.5368335 0.2250375 0.5379788 0.004478037 0.5380434 0.005677819 0.536835 0.004478037 0.5380434 0.004484057 0.50573 0.005676746 0.5392522 0.004478037 0.5380434 0.2250375 0.5379788 0.2238985 0.5689243 0.2250761 0.5700856 0.004484415 0.5703564 0.005665123 0.5691602 0.004484415 0.5703564 0.004478037 0.5380434 0.06051743 0.6017372 0.06165355 0.6029329 0.004326999 0.6026292 0.2241756 0.6010231 0.2253949 0.6021755 0.1355732 0.6028402 0.1243277 0.6017513 0.124439 0.5939632 0.1256461 0.595138 0.1367043 0.6016445 0.1355732 0.6028402 0.135339 0.5950441 0.1243277 0.6017513 0.1254687 0.6029376 0.07176327 0.602986 0.06051743 0.6017372 0.06067746 0.5939319 0.06187438 0.5951223 0.0729022 0.6017974 0.07176327 0.602986 0.0715689 0.595186 0.005519509 0.6014482 0.004326999 0.6026292 0.004484415 0.5703564 0.136533 0.5938566 0.135339 0.5950441 0.1256461 0.595138 0.0727775 0.5940088 0.0715689 0.595186 0.06187438 0.5951223 0.1257283 0.8610605 0.1256089 0.8682336 0.07420504 0.8682791 0.227889 0.836555 0.2282209 0.8674291 0.2266638 0.868664 0.1256222 0.7408159 0.1257338 0.748604 0.07407301 0.74856 0.006816267 0.7411214 0.06181305 0.740832 0.06197333 0.7486371 0.2601589 0.8046035 0.2279282 0.8046115 0.2279201 0.7724868 0.2491911 0.4785784 0.2391412 0.4785701 0.2391477 0.4707733 0.2491975 0.5168489 0.2391179 0.5168488 0.2391179 0.5090521 0.2491975 0.5168489 0.2491974 0.5240353 0.2391178 0.5240352 0.2491911 0.4785784 0.2491851 0.4857648 0.2391352 0.4857564 0.2491976 0.4707816 0.2563839 0.4707877 0.2563774 0.4785844 0.2491975 0.5090521 0.2563838 0.509052 0.2563839 0.5168488 0.2319316 0.509052 0.2391179 0.5090521 0.2391179 0.5168488 0.2319613 0.4707673 0.2391477 0.4707733 0.2391412 0.4785701 0.00681591 0.8679295 0.06196993 0.8610275 0.06180548 0.8682186 0.1379991 0.740922 0.2254707 0.7415406 0.1378279 0.74871 0.1378214 0.8609546 0.2254441 0.8675127 0.1379972 0.868128 0.2279282 0.8046115 0.227889 0.836555 0.2263444 0.8365821 0.06293731 0.8694159 0.005623877 0.8691107 0.00681591 0.8679295 0.2266638 0.868664 0.1368706 0.8693248 0.1379972 0.868128 0.1267453 0.8694211 0.07307136 0.8694685 0.07420504 0.8682791 0.1269381 0.8622355 0.1267453 0.8694211 0.1256089 0.8682336 0.1379972 0.868128 0.1368706 0.8693248 0.1366296 0.8621466 0.06317013 0.8622184 0.06293731 0.8694159 0.06180548 0.8682186 0.07420504 0.8682791 0.07307136 0.8694685 0.07286554 0.8622872 0.1366296 0.8621466 0.1269381 0.8622355 0.1257283 0.8610605 0.005623877 0.8691107 0.005781233 0.8368378 0.006969273 0.8380399 0.07286554 0.8622872 0.06317013 0.8622184 0.06196993 0.8610275 0.2263444 0.8365821 0.2266638 0.868664 0.2254441 0.8675127 0.005781233 0.8368378 0.005775392 0.8045248 0.006974995 0.8057332 0.005775392 0.8045248 0.005781531 0.7722128 0.00696218 0.7734087 0.005623877 0.7399406 0.06294935 0.739636 0.06181305 0.740832 0.1368677 0.7397261 0.2266899 0.7403883 0.2254707 0.7415406 0.1256222 0.7408159 0.1267632 0.7396295 0.1269409 0.7474291 0.1366338 0.7475225 0.1368677 0.7397261 0.1379991 0.740922 0.07305854 0.739583 0.1267632 0.7396295 0.1256222 0.7408159 0.06181305 0.740832 0.06294935 0.739636 0.06317031 0.7474467 0.07286435 0.7473829 0.07305854 0.739583 0.07419735 0.7407715 0.005781531 0.7722128 0.005623877 0.7399406 0.006816267 0.7411214 0.1269409 0.7474291 0.1366338 0.7475225 0.1378279 0.74871 0.06317031 0.7474467 0.07286435 0.7473829 0.07407301 0.74856 0.122563 0.4619386 0.1224437 0.4691119 0.07103955 0.4691576 0.2232071 0.3733546 0.224755 0.3733635 0.2247635 0.4054887 0.1224555 0.3416941 0.1225672 0.3494823 0.07090657 0.3494396 0.003650844 0.3420014 0.05864697 0.3417119 0.05880719 0.3495168 0.221976 0.4066075 0.2220045 0.4363243 0.003795683 0.43652 0.00380367 0.4389185 0.222029 0.4386293 0.05880445 0.4619062 0.00380367 0.3718904 0.05880719 0.3495168 0.2220554 0.3721845 0.2569946 0.40548 0.2247635 0.4054887 0.224755 0.3733635 0.2479768 0.4976667 0.237927 0.4976667 0.237927 0.4898699 0.2504187 0.5831953 0.240339 0.5831955 0.2403389 0.5753988 0.2504187 0.5831953 0.2504189 0.5903816 0.2403393 0.590382 0.2479768 0.4976667 0.2479768 0.5048531 0.237927 0.5048531 0.2479768 0.48987 0.2551632 0.48987 0.2551632 0.4976667 0.2504186 0.5753987 0.2576047 0.5753987 0.2576048 0.5831952 0.2331525 0.5753988 0.2403389 0.5753988 0.240339 0.5831955 0.2307406 0.4898699 0.237927 0.4898699 0.237927 0.4976667 0.07090657 0.3494396 0.1225672 0.3494823 0.2220554 0.3721845 0.1225672 0.3494823 0.1346616 0.3495882 0.2220554 0.3721845 0.003650367 0.4688084 0.05880445 0.4619062 0.05864006 0.469097 0.05880719 0.3495168 0.07090657 0.3494396 0.2220554 0.3721845 0.1348326 0.3418002 0.2223049 0.342417 0.1346616 0.3495882 0.222029 0.4386293 0.122563 0.4619386 0.07090657 0.461984 0.1346563 0.4618327 0.2222795 0.4683899 0.134832 0.4690062 0.222029 0.4386293 0.1346563 0.4618327 0.122563 0.4619386 0.2235242 0.3412646 0.2250808 0.3424986 0.224755 0.3733635 0.222029 0.4386293 0.07090657 0.461984 0.05880445 0.4619062 0.05977177 0.4702944 0.002458274 0.4699895 0.003650367 0.4688084 0.2234991 0.4695411 0.1337054 0.470203 0.134832 0.4690062 0.1235799 0.4702995 0.06990587 0.4703471 0.07103955 0.4691576 0.1237729 0.4631137 0.1235799 0.4702995 0.1224437 0.4691119 0.134832 0.4690062 0.1337054 0.470203 0.1334643 0.4630246 0.06000459 0.463097 0.05977177 0.4702944 0.05864006 0.469097 0.07103955 0.4691576 0.06990587 0.4703471 0.0697 0.4631658 0.1334643 0.4630246 0.1237729 0.4631137 0.122563 0.4619386 0.002458274 0.4699895 0.002615571 0.4377167 0.00380367 0.4389185 0.0697 0.4631658 0.06000459 0.463097 0.05880445 0.4619062 0.002615571 0.4377167 0.2231796 0.4374593 0.222029 0.4386293 0.002615571 0.4377167 0.00260967 0.4054035 0.003809273 0.4066119 0.2231796 0.4374593 0.002615571 0.4377167 0.003795683 0.43652 0.00260967 0.4054035 0.002615988 0.3730922 0.003796637 0.374288 0.002458274 0.3408206 0.0597831 0.340516 0.05864697 0.3417119 0.1337012 0.3406043 0.2235242 0.3412646 0.2223049 0.342417 0.1224555 0.3416941 0.1235964 0.3405077 0.1237744 0.3483074 0.1334674 0.3484007 0.1337012 0.3406043 0.1348326 0.3418002 0.06989192 0.3404627 0.1235964 0.3405077 0.1224555 0.3416941 0.05864697 0.3417119 0.0597831 0.340516 0.06000411 0.3483265 0.06969797 0.3482626 0.06989192 0.3404627 0.07103079 0.3416512 0.002615988 0.3730922 0.002458274 0.3408206 0.003650844 0.3420014 0.1237744 0.3483074 0.1334674 0.3484007 0.1346616 0.3495882 0.06000411 0.3483265 0.06969797 0.3482626 0.07090657 0.3494396 0.07420527 0.6089615 0.1256092 0.609007 0.1257285 0.6161803 0.2266632 0.6085771 0.2282204 0.609812 0.2278886 0.6406854 0.2263719 0.7047624 0.2263341 0.6726554 0.2279279 0.6726287 0.07407295 0.728681 0.1257338 0.7286369 0.1256223 0.736425 0.006816208 0.7361196 0.006969094 0.7062302 0.06197321 0.7286039 0.006969273 0.6392011 0.006815791 0.6093113 0.06197005 0.616213 0.2279196 0.7047536 0.2279279 0.6726287 0.2601589 0.6726368 0.2347227 0.3578811 0.2347226 0.3500843 0.2447724 0.3500843 0.2372869 0.4280532 0.2372869 0.4202566 0.2473665 0.4202565 0.2372868 0.4130703 0.2473664 0.4130701 0.2473665 0.4202565 0.2347226 0.3428979 0.2447724 0.3428979 0.2447724 0.3500843 0.2519589 0.3500841 0.2519589 0.3578808 0.2447725 0.357881 0.2545529 0.4202566 0.2545529 0.4280533 0.2473664 0.4280532 0.2372869 0.4202566 0.2372869 0.4280532 0.2301005 0.4280533 0.2347226 0.3500843 0.2347227 0.3578811 0.2275363 0.3578811 0.006815791 0.6093113 0.06180548 0.609022 0.06197005 0.616213 0.1379991 0.7363186 0.1378279 0.7285307 0.2254703 0.7356999 0.2251936 0.6394883 0.07407224 0.616135 0.1257285 0.6161803 0.1378216 0.616286 0.1379973 0.6091126 0.2254437 0.6097281 0.2251936 0.6394883 0.1257285 0.6161803 0.1378216 0.616286 0.2266895 0.7368522 0.2263719 0.7047624 0.2279196 0.7047536 0.2251936 0.6394883 0.06197005 0.616213 0.07407224 0.616135 0.226344 0.6406581 0.2278886 0.6406854 0.2279279 0.6726287 0.006815791 0.6093113 0.005623698 0.6081302 0.06293743 0.6078246 0.1379973 0.6091126 0.1368709 0.6079158 0.2266632 0.6085771 0.07420527 0.6089615 0.07307159 0.607772 0.1267456 0.6078195 0.1256092 0.609007 0.1267456 0.6078195 0.1269384 0.6150052 0.1379973 0.6091126 0.1378216 0.616286 0.1366297 0.6150943 0.06180548 0.609022 0.06293743 0.6078246 0.06317019 0.6150221 0.07420527 0.6089615 0.07407224 0.616135 0.07286572 0.6149533 0.1257285 0.6161803 0.1269384 0.6150052 0.1366297 0.6150943 0.006969273 0.6392011 0.005781054 0.640403 0.005623698 0.6081302 0.06197005 0.616213 0.06317019 0.6150221 0.07286572 0.6149533 0.006974875 0.671508 0.005775213 0.6727164 0.005781054 0.640403 0.00696212 0.7038323 0.005781412 0.7050284 0.005775213 0.6727164 0.06181299 0.736409 0.06294924 0.7376048 0.005623698 0.7373005 0.2254703 0.7356999 0.2266895 0.7368522 0.1368678 0.7375143 0.1256223 0.736425 0.1257338 0.7286369 0.126941 0.7298117 0.1379991 0.7363186 0.1368678 0.7375143 0.1366338 0.7297181 0.1256223 0.736425 0.1267632 0.7376114 0.07305842 0.737658 0.06181299 0.736409 0.06197321 0.7286039 0.06317019 0.7297943 0.07419729 0.7364695 0.07305842 0.737658 0.07286435 0.7298582 0.006816208 0.7361196 0.005623698 0.7373005 0.005781412 0.7050284 0.1378279 0.7285307 0.1366338 0.7297181 0.126941 0.7298117 0.07407295 0.728681 0.07286435 0.7298582 0.06317019 0.7297943 0.2252201 0.7059327 0.2263719 0.7047624 0.2266895 0.7368522 0.5197279 0.3322388 0.5156367 0.3315225 0.515637 0.2439143 0.006826937 0.0167424 0.3247317 0.01674288 0.3247314 0.1054494 0.8494223 0.1283897 0.8494223 0.2161067 0.3536381 0.2161064 0.6700493 0.02052068 0.9879527 0.0205208 0.9879526 0.1091678 0.515637 0.2439143 0.5156367 0.3315225 0.01985216 0.3315205 0.9930794 0.3372926 0.9930794 0.4281708 0.9003609 0.335775 0.3510834 0.2201977 0.3536381 0.2161064 0.8494223 0.2161067 0.5181915 0.2398231 0.515637 0.2439143 0.01985245 0.2439125 0.01576101 0.3322368 0.01576149 0.2413579 0.01985245 0.2439125 0.1085523 0.3347955 0.01729786 0.3347952 0.01985216 0.3315205 0.8535134 0.1276735 0.8535135 0.2186612 0.8494223 0.2161067 0.349547 0.1276731 0.3536382 0.1283892 0.3536381 0.2161064 0.7608321 0.1251168 0.8519753 0.125117 0.8494223 0.1283897 0.5274364 0.3322388 0.5197279 0.3322388 0.5197282 0.2413598 0.3510834 0.2279061 0.3510834 0.2201977 0.851976 0.2201966 0.5181915 0.2321146 0.5181915 0.2398231 0.01729875 0.2398225 0.6570134 0.01532483 0.6585311 0.1080449 0.3395025 0.1080449 0.861222 0.2186612 0.8535135 0.2186612 0.8535134 0.1276735 0.3418385 0.1276732 0.349547 0.1276731 0.3495469 0.2186608 0.3252929 0.1172491 0.323775 0.2100277 0.007783055 0.2100273 0.003582239 0.0167424 0.006826937 0.0167424 0.006826817 0.1054489 0.3279762 0.01674288 0.3279759 0.1080038 0.3247314 0.1054494 0.6668047 0.1091678 0.6668048 0.01796633 0.6700493 0.02052068 0.9911974 0.1091679 0.9879526 0.1091678 0.9879527 0.0205208 0.9930794 0.4281708 0.4921907 0.4281708 0.5849684 0.335775 0.9096542 0.3225873 0.9946078 0.2378297 0.9946078 0.3211967 0.5181891 0.3347948 0.4270624 0.334795 0.5156367 0.3315225 0.1085523 0.3347955 0.01985216 0.3315205 0.5156367 0.3315225 0.3510857 0.1251171 0.4422742 0.1251167 0.3536382 0.1283892 0.4422742 0.1251167 0.7608321 0.1251168 0.8494223 0.1283897 0.006265342 0.1095401 0.006826817 0.1054489 0.3247314 0.1054494 0.1085523 0.3386508 0.1085523 0.3347955 0.4270624 0.334795 0.5356673 0.3211967 0.5356673 0.2378299 0.620675 0.3225874 0.9885143 0.0164296 0.9879527 0.0205208 0.6700493 0.02052068 0.669488 0.1123635 0.6700493 0.1091678 0.9879526 0.1091678 0.3252932 0.0135473 0.3247317 0.01674288 0.006826937 0.0167424 0.008053004 0.2413579 0.01576149 0.2413579 0.01576101 0.3322368 0.006265461 0.1172487 0.006265342 0.1095401 0.3252929 0.1095417 0.9885142 0.008721113 0.9885143 0.0164296 0.6694877 0.01642847 0.669488 0.1162177 0.669488 0.1123635 0.9885138 0.1123623 0.3252934 0.009693026 0.3252932 0.0135473 0.00626558 0.01354789 0.4921907 0.4281708 0.4921908 0.3372926 0.5849684 0.335775 0.9946078 0.2378297 0.9096542 0.3225873 0.620675 0.3225874 0.7608323 0.121261 0.7608321 0.1251168 0.4422742 0.1251167 0.323775 0.2100277 0.3237749 0.213882 0.007783055 0.2138803 0.3410202 0.01532483 0.3410203 0.01147043 0.6570134 0.0114718 0.5849684 0.335775 0.5849684 0.3319207 0.9003609 0.3319202 0.9096542 0.3225873 0.9096542 0.3261187 0.6206749 0.3261194 0.5849684 0.3319207 0.5834506 0.330403 0.901881 0.3304001 0.3410203 0.01147043 0.3395026 0.009952783 0.6585284 0.009956836 0.3237749 0.213882 0.3252927 0.2153997 0.006268084 0.2153953 0.9096542 0.3261187 0.9110448 0.3275094 0.6192823 0.3275122 0.006969094 0.7062302 0.2252201 0.7059327 0.06197321 0.7286039 0.0727775 0.5940088 0.2239245 0.5712559 0.124439 0.5939632 0.2263722 0.7724779 0.005781531 0.7722128 0.006969213 0.7710109 0.2239245 0.5712559 0.2250761 0.5700856 0.2253949 0.6021755 0.06197333 0.7486371 0.07407301 0.74856 0.2252206 0.7713079 0.06197321 0.7286039 0.2252201 0.7059327 0.07407295 0.728681 0.07407301 0.74856 0.1257338 0.748604 0.2252206 0.7713079 0.2266899 0.7403883 0.2282465 0.7416222 0.2279201 0.7724868 0.2251936 0.6394883 0.1378216 0.616286 0.2254437 0.6097281 0.2238959 0.5048123 0.136524 0.4816127 0.2241449 0.4750521 0.2251936 0.6394883 0.226344 0.6406581 0.005781054 0.640403 0.2251937 0.8377521 0.2254441 0.8675127 0.1378214 0.8609546 0.006969273 0.8380399 0.2251937 0.8377521 0.06196993 0.8610275 0.005781233 0.8368378 0.2263444 0.8365821 0.2251937 0.8377521 0.2247242 0.4374321 0.2250564 0.4683063 0.2234991 0.4695411 0.00566411 0.5069267 0.2238711 0.507117 0.2238439 0.5368335 0.2250463 0.5059819 0.2265908 0.506009 0.2266313 0.537952 0.2253949 0.6021755 0.2250761 0.5700856 0.2266241 0.5700766 0.2247635 0.4054887 0.2247242 0.4374321 0.2231796 0.4374593 0.2254437 0.6097281 0.2266632 0.6085771 0.226344 0.6406581 0.2220293 0.3745162 0.2219812 0.404289 0.003808498 0.404195 0.006973922 0.6739249 0.2251456 0.6738285 0.2251942 0.7036011 0.2263722 0.7724779 0.2279201 0.7724868 0.2279282 0.8046115 0.2251937 0.8377521 0.1257283 0.8610605 0.07407212 0.8611054 0.2251942 0.7036011 0.2263719 0.7047624 0.005781412 0.7050284 0.1378279 0.7285307 0.2252201 0.7059327 0.2254703 0.7356999 0.00260967 0.4054035 0.2231696 0.4054619 0.221976 0.4066075 0.2251406 0.67151 0.2263341 0.6726554 0.005775213 0.6727164 0.07407295 0.728681 0.2252201 0.7059327 0.1257338 0.7286369 0.2251456 0.6738285 0.2263341 0.6726554 0.2263719 0.7047624 0.006969213 0.7710109 0.06197333 0.7486371 0.2252206 0.7713079 0.2241449 0.4750521 0.2253645 0.4739011 0.2250463 0.5059819 0.005775392 0.8045248 0.2263343 0.8045847 0.2251408 0.8057304 0.1378279 0.74871 0.2254707 0.7415406 0.2252206 0.7713079 0.136533 0.5938566 0.2239245 0.5712559 0.2241756 0.6010231 0.222029 0.4386293 0.2222795 0.4683899 0.1346563 0.4618327 0.002615988 0.3730922 0.2232071 0.3733546 0.2220293 0.3745162 0.2231696 0.4054619 0.00260967 0.4054035 0.003808498 0.404195 0.2238959 0.5048123 0.2250463 0.5059819 0.004484057 0.50573 0.2251937 0.8377521 0.1378214 0.8609546 0.1257283 0.8610605 0.006961107 0.6415997 0.2251688 0.6417933 0.2251406 0.67151 0.006961107 0.6415997 0.005781054 0.640403 0.226344 0.6406581 0.005672097 0.5715582 0.2239245 0.5712559 0.06067746 0.5939319 0.2263444 0.8365821 0.005781233 0.8368378 0.006961286 0.8356413 0.005781531 0.7722128 0.2263722 0.7724779 0.2251945 0.7736393 0.2263343 0.8045847 0.2263444 0.8365821 0.2251692 0.8354471 0.124439 0.5939632 0.2239245 0.5712559 0.136533 0.5938566 0.1257338 0.7286369 0.2252201 0.7059327 0.1378279 0.7285307 0.2232071 0.3733546 0.002615988 0.3730922 0.00380367 0.3718904 0.00566411 0.5069267 0.004484057 0.50573 0.2250463 0.5059819 0.006969094 0.7062302 0.005781412 0.7050284 0.2263719 0.7047624 0.006973922 0.6739249 0.005775213 0.6727164 0.2263341 0.6726554 0.2231696 0.4054619 0.2231796 0.4374593 0.2220045 0.4363243 0.2251688 0.6417933 0.226344 0.6406581 0.2263341 0.6726554 0.005672097 0.5715582 0.004484415 0.5703564 0.2250761 0.5700856 0.2232071 0.3733546 0.2231696 0.4054619 0.2219812 0.404289 0.1257338 0.748604 0.1378279 0.74871 0.2252206 0.7713079 0.2263722 0.7724779 0.2263343 0.8045847 0.2251459 0.8034119 0.2238711 0.507117 0.2250463 0.5059819 0.2250375 0.5379788 0.2263343 0.8045847 0.005775392 0.8045248 0.006974101 0.8033162 0.1346616 0.3495882 0.2223049 0.342417 0.2220554 0.3721845 0.2251945 0.7736393 0.2251459 0.8034119 0.006974101 0.8033162 0.2266899 0.7403883 0.2263722 0.7724779 0.2252206 0.7713079 0.2251937 0.8377521 0.07407212 0.8611054 0.06196993 0.8610275 0.2231796 0.4374593 0.2234991 0.4695411 0.2222795 0.4683899 0.2235242 0.3412646 0.2232071 0.3733546 0.2220554 0.3721845 0.2250761 0.5700856 0.2250375 0.5379788 0.2266313 0.537952 0.2238489 0.5391519 0.2250375 0.5379788 0.2250761 0.5700856 0.2251408 0.8057304 0.2251692 0.8354471 0.006961286 0.8356413 0.06067746 0.5939319 0.2239245 0.5712559 0.0727775 0.5940088 0.9930485 0.7177376 0.7513631 0.7177376 0.9930485 0.476277 0.740019 0.7290796 0.7400193 0.9705387 0.4983347 0.7290798 0.7409858 0.7199158 0.7409858 0.7277078 0.497368 0.7199163 0.4973677 0.9797025 0.4973677 0.9719106 0.7409862 0.9797022 0.4891703 0.7281137 0.4969623 0.7281138 0.4891678 0.9715068 0.7491833 0.7281133 0.7491836 0.9715048 0.7413918 0.7281133 0.4983346 0.4657426 0.7400166 0.4657428 0.4983345 0.7071997 0.7513657 0.9600048 0.7513657 0.7185443 0.9930512 0.9600048 0.4973661 0.4643685 0.4973663 0.4565767 0.7409834 0.4643711 0.7409849 0.7085739 0.7409848 0.7163657 0.4973676 0.7085714 0.7413919 0.4647747 0.7491838 0.4647748 0.7413888 0.7081657 0.4969616 0.7081661 0.4891698 0.708166 0.4969622 0.4647766 0.7400191 0.7185443 0.7409858 0.7199158 0.4983349 0.7185445 0.4973677 0.9797025 0.7409862 0.9797022 0.4983345 0.981074 0.4891703 0.7281137 0.4891678 0.9715068 0.4877974 0.72908 0.750559 0.9705367 0.7491836 0.9715048 0.7505557 0.7290793 0.497368 0.7277083 0.7409858 0.7277078 0.4983347 0.7290798 0.7400193 0.9705387 0.7409862 0.9719104 0.4983348 0.9705389 0.4983348 0.9705389 0.4969593 0.971507 0.4983347 0.7290798 0.7413918 0.7281133 0.7413917 0.9715048 0.740019 0.7290796 0.4973661 0.4643685 0.7409834 0.4643711 0.4983346 0.4657426 0.7400165 0.7071998 0.7409849 0.7085739 0.4983345 0.7071997 0.7400166 0.4657428 0.7413919 0.4647747 0.7400165 0.7071998 0.4969616 0.7081661 0.4969622 0.4647766 0.4983345 0.7071997 0.740015 0.4552052 0.7409834 0.4565792 0.4983331 0.4552049 0.4973675 0.7163635 0.7409848 0.7163657 0.498336 0.7177376 0.7491803 0.7081658 0.7491838 0.4647748 0.7505532 0.7071995 0.4877954 0.4657447 0.4891707 0.4647766 0.4877973 0.7072 0.07277554 0.4814625 0.07290852 0.474289 0.1244312 0.4815071 0.2250463 0.5059819 0.2253645 0.4739011 0.2265908 0.506009 0.005665123 0.5691602 0.005676746 0.5392522 0.2238985 0.5689243 0.0729022 0.6017974 0.0727775 0.5940088 0.1243277 0.6017513 0.06051743 0.6017372 0.005519509 0.6014482 0.06067746 0.5939319 0.2238959 0.5048123 0.005672276 0.5045281 0.06067335 0.4815402 0.2588018 0.5701367 0.2266241 0.5700766 0.2588619 0.5379591 0.2479768 0.4665707 0.237927 0.4665707 0.2479768 0.458774 0.2473665 0.4467924 0.2372869 0.4467924 0.2473664 0.4389957 0.2372869 0.4389957 0.2372868 0.4318095 0.2473664 0.4389957 0.237927 0.458774 0.237927 0.4515876 0.2479768 0.458774 0.2479768 0.458774 0.2551632 0.458774 0.2479768 0.4665707 0.2473664 0.4389957 0.2545529 0.4389957 0.2473665 0.4467924 0.2301005 0.4389957 0.2372869 0.4389957 0.2301004 0.4467924 0.2307406 0.458774 0.237927 0.458774 0.2307406 0.4665707 0.0605089 0.4743492 0.005518913 0.474638 0.06164073 0.4731518 0.2241449 0.4750521 0.1366994 0.4744393 0.2253645 0.4739011 0.1243119 0.474334 0.07290852 0.474289 0.1254482 0.4731465 0.1244312 0.4815071 0.1243119 0.474334 0.1256411 0.4803321 0.135573 0.4732426 0.1366994 0.4744393 0.1353321 0.4804208 0.06067335 0.4815402 0.0605089 0.4743492 0.06187355 0.4803493 0.07177478 0.4730995 0.07290852 0.474289 0.07156902 0.4802808 0.136524 0.4816127 0.1244312 0.4815071 0.1353321 0.4804208 0.005518913 0.474638 0.005672276 0.5045281 0.004326999 0.4734569 0.07277554 0.4814625 0.06067335 0.4815402 0.07156902 0.4802808 0.005677819 0.536835 0.2238439 0.5368335 0.004478037 0.5380434 0.00566411 0.5069267 0.005677819 0.536835 0.004484057 0.50573 0.2238489 0.5391519 0.005676746 0.5392522 0.2250375 0.5379788 0.005665123 0.5691602 0.2238985 0.5689243 0.004484415 0.5703564 0.005676746 0.5392522 0.005665123 0.5691602 0.004478037 0.5380434 0.005519509 0.6014482 0.06051743 0.6017372 0.004326999 0.6026292 0.1367043 0.6016445 0.2241756 0.6010231 0.1355732 0.6028402 0.1254687 0.6029376 0.1243277 0.6017513 0.1256461 0.595138 0.136533 0.5938566 0.1367043 0.6016445 0.135339 0.5950441 0.0729022 0.6017974 0.1243277 0.6017513 0.07176327 0.602986 0.06165355 0.6029329 0.06051743 0.6017372 0.06187438 0.5951223 0.0727775 0.5940088 0.0729022 0.6017974 0.0715689 0.595186 0.005672097 0.5715582 0.005519509 0.6014482 0.004484415 0.5703564 0.124439 0.5939632 0.136533 0.5938566 0.1256461 0.595138 0.06067746 0.5939319 0.0727775 0.5940088 0.06187438 0.5951223 0.07407212 0.8611054 0.1257283 0.8610605 0.07420504 0.8682791 0.2263444 0.8365821 0.227889 0.836555 0.2266638 0.868664 0.07419735 0.7407715 0.1256222 0.7408159 0.07407301 0.74856 0.006969213 0.7710109 0.006816267 0.7411214 0.06197333 0.7486371 0.260098 0.7724258 0.2601589 0.8046035 0.2279201 0.7724868 0.2491976 0.4707816 0.2491911 0.4785784 0.2391477 0.4707733 0.2491975 0.5090521 0.2491975 0.5168489 0.2391179 0.5090521 0.2391179 0.5168488 0.2491975 0.5168489 0.2391178 0.5240352 0.2391412 0.4785701 0.2491911 0.4785784 0.2391352 0.4857564 0.2491911 0.4785784 0.2491976 0.4707816 0.2563774 0.4785844 0.2491975 0.5168489 0.2491975 0.5090521 0.2563839 0.5168488 0.2319316 0.5168488 0.2319316 0.509052 0.2391179 0.5168488 0.2319549 0.4785641 0.2319613 0.4707673 0.2391412 0.4785701 0.2263343 0.8045847 0.2279282 0.8046115 0.2263444 0.8365821 0.06180548 0.8682186 0.06293731 0.8694159 0.00681591 0.8679295 0.2254441 0.8675127 0.2266638 0.868664 0.1379972 0.868128 0.1256089 0.8682336 0.1267453 0.8694211 0.07420504 0.8682791 0.1257283 0.8610605 0.1269381 0.8622355 0.1256089 0.8682336 0.1378214 0.8609546 0.1379972 0.868128 0.1366296 0.8621466 0.06196993 0.8610275 0.06317013 0.8622184 0.06180548 0.8682186 0.07407212 0.8611054 0.07420504 0.8682791 0.07286554 0.8622872 0.1378214 0.8609546 0.1366296 0.8621466 0.1257283 0.8610605 0.00681591 0.8679295 0.005623877 0.8691107 0.006969273 0.8380399 0.07407212 0.8611054 0.07286554 0.8622872 0.06196993 0.8610275 0.2251937 0.8377521 0.2263444 0.8365821 0.2254441 0.8675127 0.006961286 0.8356413 0.005781233 0.8368378 0.006974995 0.8057332 0.006974101 0.8033162 0.005775392 0.8045248 0.00696218 0.7734087 0.006816267 0.7411214 0.005623877 0.7399406 0.06181305 0.740832 0.1379991 0.740922 0.1368677 0.7397261 0.2254707 0.7415406 0.1257338 0.748604 0.1256222 0.7408159 0.1269409 0.7474291 0.1378279 0.74871 0.1366338 0.7475225 0.1379991 0.740922 0.07419735 0.7407715 0.07305854 0.739583 0.1256222 0.7408159 0.06197333 0.7486371 0.06181305 0.740832 0.06317031 0.7474467 0.07407301 0.74856 0.07286435 0.7473829 0.07419735 0.7407715 0.006969213 0.7710109 0.005781531 0.7722128 0.006816267 0.7411214 0.1257338 0.748604 0.1269409 0.7474291 0.1378279 0.74871 0.06197333 0.7486371 0.06317031 0.7474467 0.07407301 0.74856 0.07090657 0.461984 0.122563 0.4619386 0.07103955 0.4691576 0.2231696 0.4054619 0.2232071 0.3733546 0.2247635 0.4054887 0.07103079 0.3416512 0.1224555 0.3416941 0.07090657 0.3494396 0.00380367 0.3718904 0.003650844 0.3420014 0.05880719 0.3495168 0.003809273 0.4066119 0.221976 0.4066075 0.003795683 0.43652 0.003650367 0.4688084 0.00380367 0.4389185 0.05880445 0.4619062 0.256933 0.373302 0.2569946 0.40548 0.224755 0.3733635 0.2479768 0.48987 0.2479768 0.4976667 0.237927 0.4898699 0.2504186 0.5753987 0.2504187 0.5831953 0.2403389 0.5753988 0.240339 0.5831955 0.2504187 0.5831953 0.2403393 0.590382 0.237927 0.4976667 0.2479768 0.4976667 0.237927 0.5048531 0.2479768 0.4976667 0.2479768 0.48987 0.2551632 0.4976667 0.2504187 0.5831953 0.2504186 0.5753987 0.2576048 0.5831952 0.2331525 0.5831956 0.2331525 0.5753988 0.240339 0.5831955 0.2307406 0.4976667 0.2307406 0.4898699 0.237927 0.4976667 0.2232071 0.3733546 0.2235242 0.3412646 0.224755 0.3733635 0.05864006 0.469097 0.05977177 0.4702944 0.003650367 0.4688084 0.2222795 0.4683899 0.2234991 0.4695411 0.134832 0.4690062 0.1224437 0.4691119 0.1235799 0.4702995 0.07103955 0.4691576 0.122563 0.4619386 0.1237729 0.4631137 0.1224437 0.4691119 0.1346563 0.4618327 0.134832 0.4690062 0.1334643 0.4630246 0.05880445 0.4619062 0.06000459 0.463097 0.05864006 0.469097 0.07090657 0.461984 0.07103955 0.4691576 0.0697 0.4631658 0.1346563 0.4618327 0.1334643 0.4630246 0.122563 0.4619386 0.003650367 0.4688084 0.002458274 0.4699895 0.00380367 0.4389185 0.07090657 0.461984 0.0697 0.4631658 0.05880445 0.4619062 0.00380367 0.4389185 0.002615571 0.4377167 0.222029 0.4386293 0.003795683 0.43652 0.002615571 0.4377167 0.003809273 0.4066119 0.2220045 0.4363243 0.2231796 0.4374593 0.003795683 0.43652 0.003808498 0.404195 0.00260967 0.4054035 0.003796637 0.374288 0.003650844 0.3420014 0.002458274 0.3408206 0.05864697 0.3417119 0.1348326 0.3418002 0.1337012 0.3406043 0.2223049 0.342417 0.1225672 0.3494823 0.1224555 0.3416941 0.1237744 0.3483074 0.1346616 0.3495882 0.1334674 0.3484007 0.1348326 0.3418002 0.07103079 0.3416512 0.06989192 0.3404627 0.1224555 0.3416941 0.05880719 0.3495168 0.05864697 0.3417119 0.06000411 0.3483265 0.07090657 0.3494396 0.06969797 0.3482626 0.07103079 0.3416512 0.00380367 0.3718904 0.002615988 0.3730922 0.003650844 0.3420014 0.1225672 0.3494823 0.1237744 0.3483074 0.1346616 0.3495882 0.05880719 0.3495168 0.06000411 0.3483265 0.07090657 0.3494396 0.07407224 0.616135 0.07420527 0.6089615 0.1257285 0.6161803 0.226344 0.6406581 0.2266632 0.6085771 0.2278886 0.6406854 0.2279196 0.7047536 0.2263719 0.7047624 0.2279279 0.6726287 0.07419729 0.7364695 0.07407295 0.728681 0.1256223 0.736425 0.06181299 0.736409 0.006816208 0.7361196 0.06197321 0.7286039 0.2251936 0.6394883 0.006969273 0.6392011 0.06197005 0.616213 0.2600978 0.7048147 0.2279196 0.7047536 0.2601589 0.6726368 0.2447725 0.357881 0.2347227 0.3578811 0.2447724 0.3500843 0.2473664 0.4280532 0.2372869 0.4280532 0.2473665 0.4202565 0.2372869 0.4202566 0.2372868 0.4130703 0.2473665 0.4202565 0.2347226 0.3500843 0.2347226 0.3428979 0.2447724 0.3500843 0.2447724 0.3500843 0.2519589 0.3500841 0.2447725 0.357881 0.2473665 0.4202565 0.2545529 0.4202566 0.2473664 0.4280532 0.2301005 0.4202566 0.2372869 0.4202566 0.2301005 0.4280533 0.2275363 0.3500844 0.2347226 0.3500843 0.2275363 0.3578811 0.2282462 0.7356182 0.2266895 0.7368522 0.2279196 0.7047536 0.2263341 0.6726554 0.226344 0.6406581 0.2279279 0.6726287 0.06180548 0.609022 0.006815791 0.6093113 0.06293743 0.6078246 0.2254437 0.6097281 0.1379973 0.6091126 0.2266632 0.6085771 0.1256092 0.609007 0.07420527 0.6089615 0.1267456 0.6078195 0.1257285 0.6161803 0.1256092 0.609007 0.1269384 0.6150052 0.1368709 0.6079158 0.1379973 0.6091126 0.1366297 0.6150943 0.06197005 0.616213 0.06180548 0.609022 0.06317019 0.6150221 0.07307159 0.607772 0.07420527 0.6089615 0.07286572 0.6149533 0.1378216 0.616286 0.1257285 0.6161803 0.1366297 0.6150943 0.006815791 0.6093113 0.006969273 0.6392011 0.005623698 0.6081302 0.07407224 0.616135 0.06197005 0.616213 0.07286572 0.6149533 0.006961107 0.6415997 0.006974875 0.671508 0.005781054 0.640403 0.006973922 0.6739249 0.00696212 0.7038323 0.005775213 0.6727164 0.006816208 0.7361196 0.06181299 0.736409 0.005623698 0.7373005 0.1379991 0.7363186 0.2254703 0.7356999 0.1368678 0.7375143 0.1267632 0.7376114 0.1256223 0.736425 0.126941 0.7298117 0.1378279 0.7285307 0.1379991 0.7363186 0.1366338 0.7297181 0.07419729 0.7364695 0.1256223 0.736425 0.07305842 0.737658 0.06294924 0.7376048 0.06181299 0.736409 0.06317019 0.7297943 0.07407295 0.728681 0.07419729 0.7364695 0.07286435 0.7298582 0.006969094 0.7062302 0.006816208 0.7361196 0.005781412 0.7050284 0.1257338 0.7286369 0.1378279 0.7285307 0.126941 0.7298117 0.06197321 0.7286039 0.07407295 0.728681 0.06317019 0.7297943 0.2254703 0.7356999 0.2252201 0.7059327 0.2266895 0.7368522 0.5197282 0.2413598 0.5197279 0.3322388 0.515637 0.2439143 0.006826817 0.1054489 0.006826937 0.0167424 0.3247314 0.1054494 0.3536382 0.1283892 0.8494223 0.1283897 0.3536381 0.2161064 0.6700493 0.1091678 0.6700493 0.02052068 0.9879526 0.1091678 0.01985245 0.2439125 0.515637 0.2439143 0.01985216 0.3315205 0.851976 0.2201966 0.3510834 0.2201977 0.8494223 0.2161067 0.01729875 0.2398225 0.5181915 0.2398231 0.01985245 0.2439125 0.01985216 0.3315205 0.01576101 0.3322368 0.01985245 0.2439125 0.8494223 0.1283897 0.8535134 0.1276735 0.8494223 0.2161067 0.3495469 0.2186608 0.349547 0.1276731 0.3536381 0.2161064 0.5274366 0.2413599 0.5274364 0.3322388 0.5197282 0.2413598 0.851976 0.2279043 0.3510834 0.2279061 0.851976 0.2201966 0.01729887 0.2321147 0.5181915 0.2321146 0.01729875 0.2398225 0.3410202 0.01532483 0.6570134 0.01532483 0.3395025 0.1080449 0.8612221 0.1276735 0.861222 0.2186612 0.8535134 0.1276735 0.3418383 0.2186608 0.3418385 0.1276732 0.3495469 0.2186608 0.006265461 0.1172487 0.3252929 0.1172491 0.007783055 0.2100273 0.003582239 0.1080034 0.003582239 0.0167424 0.006826817 0.1054489 0.3247317 0.01674288 0.3279762 0.01674288 0.3247314 0.1054494 0.6700493 0.1091678 0.6668047 0.1091678 0.6700493 0.02052068 0.9911974 0.01796633 0.9911974 0.1091679 0.9879527 0.0205208 0.9003609 0.335775 0.9930794 0.4281708 0.5849684 0.335775 0.4270624 0.334795 0.1085523 0.3347955 0.5156367 0.3315225 0.3536382 0.1283892 0.4422742 0.1251167 0.8494223 0.1283897 0.3252929 0.1095417 0.006265342 0.1095401 0.3247314 0.1054494 0.4270624 0.3386505 0.1085523 0.3386508 0.4270624 0.334795 0.6694877 0.01642847 0.9885143 0.0164296 0.6700493 0.02052068 0.9885138 0.1123623 0.669488 0.1123635 0.9879526 0.1091678 0.00626558 0.01354789 0.3252932 0.0135473 0.006826937 0.0167424 0.008052647 0.3322367 0.008053004 0.2413579 0.01576101 0.3322368 0.3252929 0.1172491 0.006265461 0.1172487 0.3252929 0.1095417 0.6694877 0.008721053 0.9885142 0.008721113 0.6694877 0.01642847 0.9885138 0.1162163 0.669488 0.1162177 0.9885138 0.1123623 0.006265461 0.009694039 0.3252934 0.009693026 0.00626558 0.01354789 0.5356673 0.2378299 0.9946078 0.2378297 0.620675 0.3225874 0.4422742 0.1212605 0.7608323 0.121261 0.4422742 0.1251167 0.007783055 0.2100273 0.323775 0.2100277 0.007783055 0.2138803 0.6570134 0.01532483 0.3410202 0.01532483 0.6570134 0.0114718 0.9003609 0.335775 0.5849684 0.335775 0.9003609 0.3319202 0.620675 0.3225874 0.9096542 0.3225873 0.6206749 0.3261194 0.9003609 0.3319202 0.5849684 0.3319207 0.901881 0.3304001 0.6570134 0.0114718 0.3410203 0.01147043 0.6585284 0.009956836 0.007783055 0.2138803 0.3237749 0.213882 0.006268084 0.2153953 0.6206749 0.3261194 0.9096542 0.3261187 0.6192823 0.3275122 0.2252206 0.7713079 0.2263722 0.7724779 0.006969213 0.7710109 0.2241756 0.6010231 0.2239245 0.5712559 0.2253949 0.6021755 0.2263722 0.7724779 0.2266899 0.7403883 0.2279201 0.7724868 0.006969273 0.6392011 0.2251936 0.6394883 0.005781054 0.640403 0.00681591 0.8679295 0.006969273 0.8380399 0.06196993 0.8610275 0.006969273 0.8380399 0.005781233 0.8368378 0.2251937 0.8377521 0.2231796 0.4374593 0.2247242 0.4374321 0.2234991 0.4695411 0.005677819 0.536835 0.00566411 0.5069267 0.2238439 0.5368335 0.2250375 0.5379788 0.2250463 0.5059819 0.2266313 0.537952 0.2269515 0.6009414 0.2253949 0.6021755 0.2266241 0.5700766 0.2231696 0.4054619 0.2247635 0.4054887 0.2231796 0.4374593 0.2251936 0.6394883 0.2254437 0.6097281 0.226344 0.6406581 0.003796637 0.374288 0.2220293 0.3745162 0.003808498 0.404195 0.00696212 0.7038323 0.006973922 0.6739249 0.2251942 0.7036011 0.2263343 0.8045847 0.2263722 0.7724779 0.2279282 0.8046115 0.00696212 0.7038323 0.2251942 0.7036011 0.005781412 0.7050284 0.003809273 0.4066119 0.00260967 0.4054035 0.221976 0.4066075 0.006974875 0.671508 0.2251406 0.67151 0.005775213 0.6727164 0.2251942 0.7036011 0.2251456 0.6738285 0.2263719 0.7047624 0.2238959 0.5048123 0.2241449 0.4750521 0.2250463 0.5059819 0.006974995 0.8057332 0.005775392 0.8045248 0.2251408 0.8057304 0.003796637 0.374288 0.002615988 0.3730922 0.2220293 0.3745162 0.2219812 0.404289 0.2231696 0.4054619 0.003808498 0.404195 0.005672276 0.5045281 0.2238959 0.5048123 0.004484057 0.50573 0.006974875 0.671508 0.006961107 0.6415997 0.2251406 0.67151 0.2251688 0.6417933 0.006961107 0.6415997 0.226344 0.6406581 0.2251692 0.8354471 0.2263444 0.8365821 0.006961286 0.8356413 0.00696218 0.7734087 0.005781531 0.7722128 0.2251945 0.7736393 0.2251408 0.8057304 0.2263343 0.8045847 0.2251692 0.8354471 0.2220554 0.3721845 0.2232071 0.3733546 0.00380367 0.3718904 0.2238711 0.507117 0.00566411 0.5069267 0.2250463 0.5059819 0.2252201 0.7059327 0.006969094 0.7062302 0.2263719 0.7047624 0.2251456 0.6738285 0.006973922 0.6739249 0.2263341 0.6726554 0.221976 0.4066075 0.2231696 0.4054619 0.2220045 0.4363243 0.2251406 0.67151 0.2251688 0.6417933 0.2263341 0.6726554 0.2239245 0.5712559 0.005672097 0.5715582 0.2250761 0.5700856 0.2220293 0.3745162 0.2232071 0.3733546 0.2219812 0.404289 0.2251945 0.7736393 0.2263722 0.7724779 0.2251459 0.8034119 0.2238439 0.5368335 0.2238711 0.507117 0.2250375 0.5379788 0.2251459 0.8034119 0.2263343 0.8045847 0.006974101 0.8033162 0.00696218 0.7734087 0.2251945 0.7736393 0.006974101 0.8033162 0.2254707 0.7415406 0.2266899 0.7403883 0.2252206 0.7713079 0.222029 0.4386293 0.2231796 0.4374593 0.2222795 0.4683899 0.2223049 0.342417 0.2235242 0.3412646 0.2220554 0.3721845 0.2266241 0.5700766 0.2250761 0.5700856 0.2266313 0.537952 0.2238985 0.5689243 0.2238489 0.5391519 0.2250761 0.5700856 0.006974995 0.8057332 0.2251408 0.8057304 0.006961286 0.8356413 0.4699974 0.6143323 0.4673703 0.6129415 0.4673717 0.424873 0.46876 0.4222446 0.4673717 0.424873 0.2796545 0.4248716 0.2796545 0.4248716 0.4673717 0.424873 0.4673703 0.6129415 0.4666385 0.6254599 0.4666385 0.8159527 0.2757894 0.8159527 0.2770274 0.4234808 0.2796545 0.4248716 0.2796531 0.6129401 0.2782648 0.6155685 0.2796531 0.6129401 0.4673703 0.6129415 0.2782648 0.616806 0.2782648 0.6155685 0.4687588 0.6155704 0.2757898 0.4234808 0.2770274 0.4234808 0.2770273 0.6143302 0.4712349 0.6143323 0.4699974 0.6143323 0.4699974 0.4234828 0.46876 0.421007 0.46876 0.4222446 0.2782659 0.4222427 0.4699974 0.4234828 0.4699974 0.6143323 0.4673717 0.424873 0.2782659 0.4222427 0.46876 0.4222446 0.2796545 0.4248716 0.2796531 0.6129401 0.2796545 0.4248716 0.4673703 0.6129415 0.2757893 0.6254599 0.4666385 0.6254599 0.2757894 0.8159527 0.2770273 0.6143302 0.2770274 0.4234808 0.2796531 0.6129401 0.4687588 0.6155704 0.2782648 0.6155685 0.4673703 0.6129415 0.4687588 0.6168062 0.2782648 0.616806 0.4687588 0.6155704 0.2757893 0.6143302 0.2757898 0.4234808 0.2770273 0.6143302 0.4712355 0.4234828 0.4712349 0.6143323 0.4699974 0.4234828 0.278266 0.4210069 0.46876 0.421007 0.2782659 0.4222427</float_array>
          <technique_common>
            <accessor source="#Cube_003-mesh-map-0-array" count="1884" stride="2">
              <param name="S" type="float"/>
              <param name="T" type="float"/>
            </accessor>
          </technique_common>
        </source>
        <vertices id="Cube_003-mesh-vertices">
          <input semantic="POSITION" source="#Cube_003-mesh-positions"/>
        </vertices>
        <polylist material="Wood_Table-material" count="608">
          <input semantic="VERTEX" source="#Cube_003-mesh-vertices" offset="0"/>
          <input semantic="NORMAL" source="#Cube_003-mesh-normals" offset="1"/>
          <input semantic="TEXCOORD" source="#Cube_003-mesh-map-0" offset="2" set="0"/>
          <vcount>3 3 3 3 3 3 3 3 3 3 3 3 3 3 3 3 3 3 3 3 3 3 3 3 3 3 3 3 3 3 3 3 3 3 3 3 3 3 3 3 3 3 3 3 3 3 3 3 3 3 3 3 3 3 3 3 3 3 3 3 3 3 3 3 3 3 3 3 3 3 3 3 3 3 3 3 3 3 3 3 3 3 3 3 3 3 3 3 3 3 3 3 3 3 3 3 3 3 3 3 3 3 3 3 3 3 3 3 3 3 3 3 3 3 3 3 3 3 3 3 3 3 3 3 3 3 3 3 3 3 3 3 3 3 3 3 3 3 3 3 3 3 3 3 3 3 3 3 3 3 3 3 3 3 3 3 3 3 3 3 3 3 3 3 3 3 3 3 3 3 3 3 3 3 3 3 3 3 3 3 3 3 3 3 3 3 3 3 3 3 3 3 3 3 3 3 3 3 3 3 3 3 3 3 3 3 3 3 3 3 3 3 3 3 3 3 3 3 3 3 3 3 3 3 3 3 3 3 3 3 3 3 3 3 3 3 3 3 3 3 3 3 3 3 3 3 3 3 3 3 3 3 3 3 3 3 3 3 3 3 3 3 3 3 3 3 3 3 3 3 3 3 3 3 3 3 3 3 3 3 3 3 3 3 3 3 3 3 3 3 3 3 3 3 3 3 3 3 3 3 3 3 3 3 3 3 3 3 3 3 3 3 3 3 3 3 3 3 3 3 3 3 3 3 3 3 3 3 3 3 3 3 3 3 3 3 3 3 3 3 3 3 3 3 3 3 3 3 3 3 3 3 3 3 3 3 3 3 3 3 3 3 3 3 3 3 3 3 3 3 3 3 3 3 3 3 3 3 3 3 3 3 3 3 3 3 3 3 3 3 3 3 3 3 3 3 3 3 3 3 3 3 3 3 3 3 3 3 3 3 3 3 3 3 3 3 3 3 3 3 3 3 3 3 3 3 3 3 3 3 3 3 3 3 3 3 3 3 3 3 3 3 3 3 3 3 3 3 3 3 3 3 3 3 3 3 3 3 3 3 3 3 3 3 3 3 3 3 3 3 3 3 3 3 3 3 3 3 3 3 3 3 3 3 3 3 3 3 3 3 3 3 3 3 3 3 3 3 3 3 3 3 3 3 3 3 3 3 3 3 3 3 3 3 3 3 3 3 3 3 3 3 3 3 3 3 3 3 3 3 3 3 3 3 3 3 3 3 3 3 3 3 3 3 3 3 3 3 3 3 3 3 3 3 3 3 3 3 3 3 3 3 3 3 3 3 3 3 3 3 3 3 3 3 3 3 3 3 3 3 3 3 3 3 3 3 3 3 3 3 3 3 3 3 3 3 3 3 3 3 3 3 3 3 3 3 3 3 </vcount>
          <p>420 0 0 424 0 1 426 0 2 434 1 3 432 1 4 428 1 5 442 2 6 439 2 7 436 2 8 454 3 9 451 3 10 448 3 11 440 4 12 455 4 13 458 4 14 449 5 15 452 5 16 443 5 17 460 6 18 464 6 19 466 6 20 474 7 21 472 7 22 468 7 23 482 2 24 479 2 25 476 2 26 494 3 27 491 3 28 488 3 29 480 8 30 495 8 31 498 8 32 492 4 33 483 4 34 486 4 35 447 9 36 438 9 37 421 9 38 450 10 39 427 10 40 425 10 41 18 11 42 2 11 43 0 11 44 19 12 45 17 12 46 1 12 47 444 13 48 431 13 49 429 13 50 453 14 51 456 14 52 433 14 53 22 15 54 20 15 55 4 15 56 23 16 57 7 16 58 5 16 59 478 17 60 461 17 61 463 17 62 499 18 63 490 18 64 467 18 65 24 19 66 26 19 67 10 19 68 25 20 69 9 20 70 11 20 71 481 21 72 484 21 73 471 21 74 496 22 75 473 22 76 475 22 77 28 23 78 12 23 79 14 23 80 29 24 81 31 24 82 15 24 83 582 2 84 584 2 85 586 2 86 573 25 87 538 26 88 540 26 89 570 3 90 536 3 91 534 3 92 628 4 93 618 4 94 620 4 95 550 4 96 548 4 97 626 4 98 558 2 99 556 2 100 590 2 101 524 27 102 526 27 103 541 27 104 543 4 105 564 4 106 566 4 107 529 4 108 560 4 109 562 4 110 501 2 111 507 2 112 563 2 113 513 2 114 519 2 115 567 2 116 518 6 117 522 6 118 545 6 119 506 6 120 510 6 121 531 6 122 53 27 123 528 27 124 503 27 125 55 27 126 542 27 127 516 27 128 556 2 129 576 2 130 590 2 131 614 4 132 622 4 133 616 4 134 594 2 135 592 2 136 586 2 137 588 2 138 578 2 139 580 2 140 594 2 141 586 2 142 588 2 143 594 2 144 590 2 145 592 2 146 557 28 147 596 28 148 515 28 149 579 29 150 509 29 151 572 29 152 583 30 153 521 30 154 504 30 155 66 31 156 38 31 157 530 31 158 63 32 159 589 32 160 533 32 161 60 33 162 43 33 163 544 33 164 65 32 165 593 32 166 547 32 167 67 34 168 45 34 169 68 34 170 559 35 171 598 35 172 597 35 173 69 36 174 50 36 175 51 36 176 600 37 177 602 37 178 606 37 179 554 38 180 607 38 181 599 38 182 571 39 183 606 39 184 602 39 185 535 40 186 608 40 187 610 40 188 79 41 189 611 41 190 36 41 191 613 42 192 515 42 193 596 42 194 84 43 195 572 43 196 509 43 197 621 44 198 85 44 199 502 44 200 83 45 201 511 45 202 508 45 203 86 46 204 504 46 205 521 46 206 81 47 207 89 47 208 514 47 209 88 45 210 523 45 211 520 45 212 82 48 213 34 48 214 91 48 215 623 49 216 46 49 217 44 49 218 629 50 219 49 50 220 48 50 221 716 2 222 714 2 223 712 2 224 668 26 225 666 26 226 701 25 227 748 8 228 746 8 229 756 8 230 678 8 231 740 8 232 754 8 233 669 27 234 658 27 235 656 27 236 694 8 237 692 8 238 671 8 239 690 8 240 688 8 241 661 8 242 691 2 243 639 2 244 633 2 245 695 2 246 651 2 247 645 2 248 673 6 249 654 6 250 650 6 251 663 6 252 642 6 253 638 6 254 635 27 255 660 27 256 113 27 257 648 27 258 670 27 259 115 27 260 684 2 261 720 2 262 706 2 263 742 8 264 744 8 265 750 8 266 718 2 267 710 2 268 708 2 269 659 51 270 119 51 271 705 52 272 647 53 273 726 53 274 121 53 275 700 54 276 641 54 277 709 54 278 636 55 279 653 55 280 713 55 281 662 56 282 99 56 283 126 56 284 123 57 285 101 57 286 665 57 287 672 58 288 103 58 289 120 58 290 125 57 291 102 57 292 675 57 293 128 59 294 105 59 295 717 59 296 727 60 297 728 60 298 686 60 299 111 61 300 110 61 301 721 61 302 704 25 303 701 25 304 711 62 305 729 63 306 734 63 307 682 63 308 735 64 309 739 64 310 696 64 311 726 65 312 647 65 313 741 65 314 641 66 315 700 66 316 745 66 317 749 67 318 637 67 319 634 67 320 640 68 321 643 68 322 143 68 323 653 69 324 636 69 325 146 69 326 141 67 327 649 67 328 646 67 329 652 70 330 655 70 331 148 70 332 151 71 333 95 71 334 142 71 335 104 72 336 106 72 337 751 72 338 108 73 339 109 73 340 757 73 341 848 3 342 846 3 343 844 3 344 833 74 345 788 75 346 790 75 347 880 4 348 878 4 349 888 4 350 810 4 351 872 4 352 886 4 353 786 8 354 784 8 355 812 8 356 818 3 357 856 3 358 852 3 359 808 4 360 886 4 361 890 4 362 800 27 363 791 27 364 789 27 365 826 4 366 824 4 367 803 4 368 822 4 369 820 4 370 793 4 371 823 3 372 767 3 373 761 3 374 827 3 375 779 3 376 773 3 377 805 6 378 782 6 379 778 6 380 795 6 381 770 6 382 766 6 383 763 27 384 792 27 385 173 27 386 776 27 387 802 27 388 175 27 389 888 76 390 878 76 391 890 76 392 878 77 393 882 77 394 890 77 395 816 3 396 852 3 397 838 3 398 886 4 399 888 4 400 890 4 401 874 4 402 876 4 403 882 4 404 856 3 405 848 3 406 854 3 407 850 3 408 842 3 409 840 3 410 856 3 411 850 3 412 848 3 413 835 52 414 799 51 415 177 51 416 856 3 417 854 3 418 852 3 419 775 78 420 858 78 421 817 78 422 834 79 423 769 79 424 841 79 425 764 80 426 781 80 427 845 80 428 794 81 429 159 81 430 186 81 431 183 82 432 161 82 433 797 82 434 804 83 435 163 83 436 180 83 437 185 82 438 162 82 439 807 82 440 188 84 441 165 84 442 187 84 443 859 85 444 863 85 445 819 85 446 171 86 447 170 86 448 189 86 449 862 87 450 860 87 451 857 87 452 195 88 453 864 88 454 815 88 455 860 89 456 862 89 457 158 89 458 865 90 459 870 90 460 828 90 461 858 91 462 775 91 463 873 91 464 769 92 465 834 92 466 877 92 467 881 44 468 765 44 469 762 44 470 768 45 471 771 45 472 203 45 473 781 93 474 764 93 475 206 93 476 201 44 477 777 44 478 774 44 479 780 94 480 783 94 481 208 94 482 871 95 483 155 95 484 202 95 485 164 96 486 166 96 487 207 96 488 168 97 489 169 97 490 210 97 491 974 3 492 976 3 493 978 3 494 212 98 495 926 99 496 928 99 497 961 74 498 964 25 499 918 75 500 1020 8 501 1010 8 502 1012 8 503 938 8 504 936 8 505 1018 8 506 946 100 507 944 100 508 982 100 509 917 27 510 919 27 511 929 27 512 931 8 513 952 8 514 954 8 515 921 8 516 948 8 517 950 8 518 893 3 519 899 3 520 951 3 521 905 3 522 911 3 523 955 3 524 910 6 525 914 6 526 933 6 527 898 6 528 902 6 529 923 6 530 233 27 531 920 27 532 895 27 533 235 27 534 930 27 535 908 27 536 944 3 537 968 3 538 982 3 539 1006 8 540 1014 8 541 1008 8 542 986 3 543 984 3 544 978 3 545 980 3 546 970 3 547 972 3 548 986 3 549 978 3 550 980 3 551 963 101 552 960 101 553 237 102 554 986 3 555 982 3 556 984 3 557 967 52 558 239 51 559 238 51 560 945 103 561 988 103 562 907 103 563 971 104 564 901 104 565 962 104 566 975 105 567 913 105 568 896 105 569 246 106 570 220 106 571 922 106 572 243 107 573 981 107 574 925 107 575 240 108 576 223 108 577 932 108 578 245 107 579 985 107 580 935 107 581 247 109 582 225 109 583 248 109 584 947 110 585 990 110 586 989 110 587 249 111 588 230 111 589 231 111 590 942 112 591 996 112 592 991 112 593 956 113 594 1002 113 595 997 113 596 1005 114 597 907 114 598 988 114 599 264 115 600 962 115 601 901 115 602 1013 116 603 265 116 604 894 116 605 263 117 606 903 117 607 900 117 608 266 118 609 896 118 610 913 118 611 261 119 612 269 119 613 906 119 614 268 117 615 915 117 616 912 117 617 262 120 618 216 120 619 1003 120 620 1015 121 621 226 121 622 224 121 623 1021 122 624 229 122 625 228 122 626 1022 123 627 960 101 628 963 101 629 1024 124 630 278 124 631 351 124 632 292 6 633 295 6 634 296 6 635 276 6 636 282 6 637 281 6 638 289 6 639 293 6 640 294 6 641 286 6 642 323 6 643 277 6 644 1027 27 645 1028 27 646 306 27 647 1036 125 648 353 125 649 347 125 650 1042 126 651 352 126 652 349 126 653 1041 127 654 1043 127 655 350 127 656 308 128 657 371 129 658 326 129 659 303 130 660 1044 130 661 348 130 662 1040 131 663 345 131 664 354 131 665 310 132 666 362 133 667 344 133 668 280 8 669 297 8 670 1035 8 671 1029 3 672 299 3 673 1037 3 674 1032 2 675 355 2 676 1038 2 677 305 27 678 1046 27 679 1053 27 680 1034 8 681 358 8 682 1039 8 683 1025 4 684 304 4 685 357 4 686 1051 27 687 288 27 688 389 27 689 385 134 690 337 134 691 335 134 692 311 135 693 366 135 694 329 135 695 309 136 696 320 136 697 341 136 698 388 137 699 333 137 700 331 137 701 356 27 702 273 27 703 1047 27 704 379 27 705 359 27 706 284 27 707 322 129 708 375 138 709 324 129 710 308 128 711 326 129 712 324 129 713 368 133 714 377 132 715 346 133 716 377 132 717 310 132 718 344 133 719 1054 139 720 336 139 721 330 139 722 313 3 723 308 128 724 375 138 725 285 27 726 279 27 727 402 27 728 1056 140 729 332 140 730 342 140 731 376 4 732 340 4 733 334 4 734 378 8 735 328 8 736 338 8 737 1050 4 738 360 4 739 302 4 740 404 4 741 373 4 742 367 4 743 365 8 744 364 8 745 321 8 746 392 4 747 376 4 748 387 4 749 319 8 750 378 8 751 386 8 752 361 141 753 287 141 754 391 141 755 274 27 756 1059 27 757 1058 27 758 398 2 759 310 132 760 377 132 761 403 8 762 315 8 763 408 8 764 384 4 765 411 4 766 318 4 767 307 3 768 316 3 769 317 3 770 380 2 771 414 2 772 417 2 773 409 6 774 396 6 775 393 6 776 413 142 777 394 142 778 399 142 779 418 143 780 406 143 781 397 143 782 416 6 783 400 6 784 407 6 785 936 8 786 1023 8 787 1018 8 788 628 144 789 631 144 790 618 144 791 1062 145 792 738 145 793 96 145 794 630 146 795 609 52 796 32 52 797 754 8 798 756 8 799 758 8 800 1018 8 801 1023 8 802 1020 8 803 756 147 804 746 147 805 758 147 806 92 101 807 112 102 808 657 102 809 986 148 810 980 148 811 972 148 812 594 2 813 588 2 814 580 2 815 987 149 816 215 149 817 255 149 818 725 150 819 710 150 820 718 150 821 687 2 822 725 2 823 720 2 824 135 151 825 94 151 826 122 151 827 801 99 828 172 99 829 152 98 830 553 8 831 605 8 832 601 8 833 33 101 834 59 102 835 527 102 836 32 52 837 609 52 838 525 51 839 178 102 840 179 102 841 160 101 842 244 152 843 212 98 844 966 98 845 869 2 846 866 2 847 831 2 848 959 2 849 1001 2 850 998 2 851 100 153 852 117 154 853 118 154 854 725 2 855 716 2 856 722 2 857 999 155 858 213 155 859 271 155 860 1014 8 861 1023 8 862 1008 8 863 157 156 864 837 156 865 787 156 866 994 157 867 214 157 868 218 157 869 1020 158 870 1023 158 871 1010 158 872 1000 159 873 964 25 874 961 74 875 676 8 876 754 8 877 758 8 878 64 62 879 573 25 880 574 25 881 97 160 882 703 160 883 732 160 884 750 8 885 744 8 886 758 8 887 622 4 888 631 4 889 616 4 890 856 161 891 842 161 892 850 161 893 211 162 894 153 162 895 868 162 896 837 163 897 157 163 898 198 163 899 62 164 900 575 164 901 75 164 902 725 2 903 718 2 904 716 2 905 941 4 906 992 4 907 995 4 908 219 165 909 255 165 910 215 165 911 548 4 912 631 4 913 626 4 914 94 166 915 135 166 916 681 166 917 738 167 918 1062 167 919 1060 167 920 702 52 921 705 52 922 731 168 923 618 169 924 631 169 925 622 169 926 1010 170 927 1023 170 928 1014 170 929 153 171 930 211 171 931 156 171 932 37 172 933 75 172 934 575 172 935 217 173 936 271 173 937 213 173 938 258 174 939 218 174 940 214 174 941 154 101 942 160 101 943 193 123 944 253 168 945 967 52 946 965 52 947 35 175 948 610 175 949 608 175 950 833 74 951 836 25 952 197 159 953 746 176 954 750 176 955 758 176 956 100 153 957 93 153 958 737 152 959 73 123 960 33 101 961 603 101 962 703 177 963 97 177 964 699 177 965 882 4 966 876 4 967 890 4 968 136 3 969 137 3 970 138 3 971 92 101 972 1063 101 973 140 123 974 725 2 975 722 2 976 720 2 977 861 98 978 152 98 979 184 152 980 835 52 981 832 52 982 200 146 983 39 153 984 40 153 985 58 154 986 77 152 987 40 153 988 39 153 989 132 4 990 133 4 991 98 4 992 626 4 993 631 4 994 628 4 995 422 178 996 420 178 997 426 178 998 430 179 999 434 179 1000 428 179 1001 445 2 1002 442 2 1003 436 2 1004 457 3 1005 454 3 1006 448 3 1007 437 4 1008 440 4 1009 458 4 1010 446 8 1011 449 8 1012 443 8 1013 462 6 1014 460 6 1015 466 6 1016 470 180 1017 474 180 1018 468 180 1019 485 2 1020 482 2 1021 476 2 1022 497 3 1023 494 3 1024 488 3 1025 477 8 1026 480 8 1027 498 8 1028 489 4 1029 492 4 1030 486 4 1031 423 181 1032 447 181 1033 421 181 1034 459 182 1035 450 182 1036 425 182 1037 16 183 1038 18 183 1039 0 183 1040 3 184 1041 19 184 1042 1 184 1043 441 185 1044 444 185 1045 429 185 1046 435 186 1047 453 186 1048 433 186 1049 6 187 1050 22 187 1051 4 187 1052 21 188 1053 23 188 1054 5 188 1055 487 189 1056 478 189 1057 463 189 1058 465 190 1059 499 190 1060 467 190 1061 8 191 1062 24 191 1063 10 191 1064 27 192 1065 25 192 1066 11 192 1067 469 193 1068 481 193 1069 471 193 1070 493 194 1071 496 194 1072 475 194 1073 30 195 1074 28 195 1075 14 195 1076 13 196 1077 29 196 1078 15 196 1079 592 2 1080 582 2 1081 586 2 1082 574 25 1083 573 25 1084 540 26 1085 568 3 1086 570 3 1087 534 3 1088 624 4 1089 628 4 1090 620 4 1091 612 4 1092 550 4 1093 626 4 1094 594 2 1095 558 2 1096 590 2 1097 539 27 1098 524 27 1099 541 27 1100 546 4 1101 543 4 1102 566 4 1103 532 4 1104 529 4 1105 562 4 1106 561 2 1107 501 2 1108 563 2 1109 565 2 1110 513 2 1111 567 2 1112 56 6 1113 518 6 1114 545 6 1115 54 6 1116 506 6 1117 531 6 1118 500 27 1119 53 27 1120 503 27 1121 512 27 1122 55 27 1123 516 27 1124 577 197 1125 557 197 1126 515 197 1127 581 198 1128 579 198 1129 572 198 1130 585 199 1131 583 199 1132 504 199 1133 587 200 1134 66 200 1135 530 200 1136 41 201 1137 63 201 1138 533 201 1139 591 202 1140 60 202 1141 544 202 1142 42 201 1143 65 201 1144 547 201 1145 47 203 1146 67 203 1147 68 203 1148 61 204 1149 559 204 1150 597 204 1151 70 205 1152 69 205 1153 51 205 1154 555 206 1155 600 206 1156 606 206 1157 552 207 1158 554 207 1159 599 207 1160 537 208 1161 571 208 1162 602 208 1163 569 209 1164 535 209 1165 610 209 1166 78 210 1167 79 210 1168 36 210 1169 551 211 1170 613 211 1171 596 211 1172 615 212 1173 84 212 1174 509 212 1175 505 213 1176 621 213 1177 502 213 1178 87 214 1179 83 214 1180 508 214 1181 625 215 1182 86 215 1183 521 215 1184 517 213 1185 81 213 1186 514 213 1187 90 216 1188 88 216 1189 520 216 1190 549 217 1191 82 217 1192 91 217 1193 619 218 1194 623 218 1195 44 218 1196 627 219 1197 629 219 1198 48 219 1199 722 2 1200 716 2 1201 712 2 1202 704 25 1203 668 26 1204 701 25 1205 752 8 1206 748 8 1207 756 8 1208 676 8 1209 678 8 1210 754 8 1211 667 27 1212 669 27 1213 656 27 1214 674 8 1215 694 8 1216 671 8 1217 664 8 1218 690 8 1219 661 8 1220 689 2 1221 691 2 1222 633 2 1223 693 2 1224 695 2 1225 645 2 1226 116 6 1227 673 6 1228 650 6 1229 114 6 1230 663 6 1231 638 6 1232 632 27 1233 635 27 1234 113 27 1235 644 27 1236 648 27 1237 115 27 1238 702 52 1239 659 51 1240 705 52 1241 707 220 1242 647 220 1243 121 220 1244 124 221 1245 700 221 1246 709 221 1247 715 222 1248 636 222 1249 713 222 1250 127 223 1251 662 223 1252 126 223 1253 107 224 1254 123 224 1255 665 224 1256 129 225 1257 672 225 1258 120 225 1259 130 224 1260 125 224 1261 675 224 1262 719 226 1263 128 226 1264 717 226 1265 685 227 1266 727 227 1267 686 227 1268 723 228 1269 111 228 1270 721 228 1271 724 62 1272 704 25 1273 711 62 1274 680 229 1275 729 229 1276 682 229 1277 698 230 1278 735 230 1279 696 230 1280 679 231 1281 726 231 1282 741 231 1283 743 232 1284 641 232 1285 745 232 1286 145 233 1287 749 233 1288 634 233 1289 147 234 1290 640 234 1291 143 234 1292 753 235 1293 653 235 1294 146 235 1295 149 236 1296 141 236 1297 646 236 1298 150 237 1299 652 237 1300 148 237 1301 677 238 1302 151 238 1303 142 238 1304 747 239 1305 104 239 1306 751 239 1307 755 240 1308 108 240 1309 757 240 1310 854 3 1311 848 3 1312 844 3 1313 836 25 1314 833 74 1315 790 75 1316 884 4 1317 880 4 1318 888 4 1319 808 4 1320 810 4 1321 886 4 1322 814 8 1323 786 8 1324 812 8 1325 816 241 1326 818 241 1327 852 241 1328 798 27 1329 800 27 1330 789 27 1331 806 4 1332 826 4 1333 803 4 1334 796 4 1335 822 4 1336 793 4 1337 821 3 1338 823 3 1339 761 3 1340 825 3 1341 827 3 1342 773 3 1343 176 6 1344 805 6 1345 778 6 1346 174 6 1347 795 6 1348 766 6 1349 760 27 1350 763 27 1351 173 27 1352 772 27 1353 776 27 1354 175 27 1355 832 52 1356 835 52 1357 177 51 1358 839 242 1359 775 242 1360 817 242 1361 843 243 1362 834 243 1363 841 243 1364 847 244 1365 764 244 1366 845 244 1367 849 245 1368 794 245 1369 186 245 1370 851 246 1371 183 246 1372 797 246 1373 853 247 1374 804 247 1375 180 247 1376 855 246 1377 185 246 1378 807 246 1379 167 248 1380 188 248 1381 187 248 1382 181 249 1383 859 249 1384 819 249 1385 190 250 1386 171 250 1387 189 250 1388 191 251 1389 862 251 1390 857 251 1391 813 252 1392 195 252 1393 815 252 1394 785 208 1395 860 208 1396 158 208 1397 830 253 1398 865 253 1399 828 253 1400 811 254 1401 858 254 1402 873 254 1403 875 255 1404 769 255 1405 877 255 1406 879 256 1407 881 256 1408 762 256 1409 883 257 1410 768 257 1411 203 257 1412 885 258 1413 781 258 1414 206 258 1415 887 259 1416 201 259 1417 774 259 1418 889 260 1419 780 260 1420 208 260 1421 809 261 1422 871 261 1423 202 261 1424 205 262 1425 164 262 1426 207 262 1427 209 263 1428 168 263 1429 210 263 1430 984 3 1431 974 3 1432 978 3 1433 966 98 1434 212 98 1435 928 99 1436 916 75 1437 961 74 1438 918 75 1439 1016 8 1440 1020 8 1441 1012 8 1442 1004 8 1443 938 8 1444 1018 8 1445 986 3 1446 946 3 1447 982 3 1448 927 27 1449 917 27 1450 929 27 1451 934 8 1452 931 8 1453 954 8 1454 924 8 1455 921 8 1456 950 8 1457 949 3 1458 893 3 1459 951 3 1460 953 3 1461 905 3 1462 955 3 1463 236 6 1464 910 6 1465 933 6 1466 234 6 1467 898 6 1468 923 6 1469 892 27 1470 233 27 1471 895 27 1472 904 27 1473 235 27 1474 908 27 1475 232 102 1476 963 101 1477 237 102 1478 965 52 1479 967 52 1480 238 51 1481 969 264 1482 945 264 1483 907 264 1484 973 265 1485 971 265 1486 962 265 1487 977 266 1488 975 266 1489 896 266 1490 979 267 1491 246 267 1492 922 267 1493 221 268 1494 243 268 1495 925 268 1496 983 269 1497 240 269 1498 932 269 1499 222 268 1500 245 268 1501 935 268 1502 227 270 1503 247 270 1504 248 270 1505 241 271 1506 947 271 1507 989 271 1508 250 272 1509 249 272 1510 231 272 1511 940 273 1512 942 273 1513 991 273 1514 958 274 1515 956 274 1516 997 274 1517 939 275 1518 1005 275 1519 988 275 1520 1007 276 1521 264 276 1522 901 276 1523 897 277 1524 1013 277 1525 894 277 1526 267 234 1527 263 234 1528 900 234 1529 1017 278 1530 266 278 1531 913 278 1532 909 277 1533 261 277 1534 906 277 1535 270 237 1536 268 237 1537 912 237 1538 937 279 1539 262 279 1540 1003 279 1541 1011 280 1542 1015 280 1543 224 280 1544 1019 281 1545 1021 281 1546 228 281 1547 1009 123 1548 1022 123 1549 963 101 1550 298 282 1551 1024 282 1552 351 282 1553 290 6 1554 292 6 1555 296 6 1556 275 6 1557 276 6 1558 281 6 1559 291 6 1560 289 6 1561 294 6 1562 283 6 1563 286 6 1564 277 6 1565 300 283 1566 1036 283 1567 347 283 1568 301 284 1569 1042 284 1570 349 284 1571 325 285 1572 1041 285 1573 350 285 1574 343 286 1575 303 286 1576 348 286 1577 1045 287 1578 1040 287 1579 354 287 1580 272 8 1581 280 8 1582 1035 8 1583 1030 3 1584 1029 3 1585 1037 3 1586 1031 2 1587 1032 2 1588 1038 2 1589 383 27 1590 305 27 1591 1053 27 1592 1033 8 1593 1034 8 1594 1039 8 1595 1026 4 1596 1025 4 1597 357 4 1598 1052 27 1599 1051 27 1600 389 27 1601 372 288 1602 385 288 1603 335 288 1604 327 289 1605 311 289 1606 329 289 1607 339 290 1608 309 290 1609 341 290 1610 363 291 1611 388 291 1612 331 291 1613 1048 27 1614 356 27 1615 1047 27 1616 375 138 1617 308 128 1618 324 129 1619 346 133 1620 377 132 1621 344 133 1622 1055 292 1623 1054 292 1624 330 292 1625 312 3 1626 313 3 1627 375 138 1628 1057 293 1629 1056 293 1630 342 293 1631 387 4 1632 376 4 1633 334 4 1634 386 8 1635 378 8 1636 338 8 1637 1049 4 1638 1050 4 1639 302 4 1640 374 4 1641 404 4 1642 367 4 1643 369 8 1644 365 8 1645 321 8 1646 314 4 1647 392 4 1648 387 4 1649 395 8 1650 319 8 1651 386 8 1652 370 27 1653 274 27 1654 1058 27 1655 405 2 1656 398 2 1657 377 132 1658 390 8 1659 403 8 1660 408 8 1661 381 4 1662 384 4 1663 318 4 1664 382 3 1665 307 3 1666 317 3 1667 401 2 1668 380 2 1669 417 2 1670 412 6 1671 409 6 1672 393 6 1673 415 6 1674 413 6 1675 399 6 1676 410 6 1677 418 6 1678 397 6 1679 419 6 1680 416 6 1681 407 6 1682 759 206 1683 1062 206 1684 96 206 1685 617 146 1686 630 146 1687 32 52 1688 1063 101 1689 92 101 1690 657 102 1691 251 294 1692 987 294 1693 255 294 1694 684 2 1695 687 2 1696 720 2 1697 131 295 1698 135 295 1699 122 295 1700 861 98 1701 801 99 1702 152 98 1703 74 8 1704 553 8 1705 601 8 1706 603 101 1707 33 101 1708 527 102 1709 52 51 1710 32 52 1711 525 51 1712 154 101 1713 178 102 1714 160 101 1715 242 152 1716 244 152 1717 966 98 1718 829 2 1719 869 2 1720 831 2 1721 957 2 1722 959 2 1723 998 2 1724 93 153 1725 100 153 1726 118 154 1727 259 296 1728 999 296 1729 271 296 1730 194 297 1731 157 297 1732 787 297 1733 943 298 1734 994 298 1735 218 298 1736 256 159 1737 1000 159 1738 961 74 1739 595 62 1740 64 62 1741 574 25 1742 683 299 1743 97 299 1744 732 299 1745 199 300 1746 211 300 1747 868 300 1748 867 296 1749 837 296 1750 198 296 1751 71 301 1752 62 301 1753 75 301 1754 254 4 1755 941 4 1756 995 4 1757 993 302 1758 219 302 1759 215 302 1760 730 303 1761 94 303 1762 681 303 1763 697 208 1764 738 208 1765 1060 208 1766 733 168 1767 702 52 1768 731 168 1769 891 304 1770 153 304 1771 156 304 1772 604 305 1773 37 305 1774 575 305 1775 260 297 1776 217 297 1777 213 297 1778 257 306 1779 258 306 1780 214 306 1781 192 123 1782 154 101 1783 193 123 1784 252 168 1785 253 168 1786 965 52 1787 80 307 1788 35 307 1789 608 307 1790 196 62 1791 833 74 1792 197 159 1793 1061 152 1794 100 153 1795 737 152 1796 72 123 1797 73 123 1798 603 101 1799 736 308 1800 703 308 1801 699 308 1802 139 3 1803 136 3 1804 138 3 1805 144 123 1806 92 101 1807 140 123 1808 182 152 1809 861 98 1810 184 152 1811 204 146 1812 835 52 1813 200 146 1814 57 154 1815 39 153 1816 58 154 1817 76 152 1818 77 152 1819 39 153 1820 134 4 1821 132 4 1822 98 4 1823</p>
        </polylist>
        <polylist material="Wood_Table_Glass-material" count="20">
          <input semantic="VERTEX" source="#Cube_003-mesh-vertices" offset="0"/>
          <input semantic="NORMAL" source="#Cube_003-mesh-normals" offset="1"/>
          <input semantic="TEXCOORD" source="#Cube_003-mesh-map-0" offset="2" set="0"/>
          <vcount>3 3 3 3 3 3 3 3 3 3 3 3 3 3 3 3 3 3 3 3 </vcount>
          <p>1098 309 1824 1068 309 1825 1070 309 1826 1100 310 1827 1088 310 1828 1069 310 1829 1084 6 1830 1089 6 1831 1090 6 1832 1071 27 1833 1066 27 1834 1064 27 1835 1101 311 1836 1085 311 1837 1067 311 1838 1103 312 1839 1095 312 1840 1091 312 1841 1082 3 1842 1093 3 1843 1092 3 1844 1076 4 1845 1086 4 1846 1075 4 1847 1081 8 1848 1074 8 1849 1072 8 1850 1079 2 1851 1087 2 1852 1073 2 1853 1097 313 1854 1098 313 1855 1070 313 1856 1096 314 1857 1100 314 1858 1069 314 1859 1094 6 1860 1084 6 1861 1090 6 1862 1065 27 1863 1071 27 1864 1064 27 1865 1099 315 1866 1101 315 1867 1067 315 1868 1102 316 1869 1103 316 1870 1091 316 1871 1080 3 1872 1082 3 1873 1092 3 1874 1083 4 1875 1076 4 1876 1075 4 1877 1078 8 1878 1081 8 1879 1072 8 1880 1077 2 1881 1079 2 1882 1073 2 1883</p>
        </polylist>
      </mesh>
    </geometry>
  </library_geometries>
  <library_controllers/>
  <library_visual_scenes>
    <visual_scene id="Scene" name="Scene">
      <node id="Wood_Table" name="Wood_Table" type="NODE">
        <matrix sid="transform">1 0 0 0 0 1 0 0 0 0 1 0 0 0 0 1</matrix>
        <instance_geometry url="#Cube_003-mesh" name="Wood_Table">
          <bind_material>
            <technique_common>
              <instance_material symbol="Wood_Table-material" target="#Wood_Table-material">
                <bind_vertex_input semantic="Cube_003-mesh-map-0" input_semantic="TEXCOORD" input_set="0"/>
              </instance_material>
              <instance_material symbol="Wood_Table_Glass-material" target="#Wood_Table_Glass-material">
                <bind_vertex_input semantic="Cube_003-mesh-map-0" input_semantic="TEXCOORD" input_set="0"/>
              </instance_material>
            </technique_common>
          </bind_material>
        </instance_geometry>
      </node>
    </visual_scene>
  </library_visual_scenes>
  <scene>
    <instance_visual_scene url="#Scene"/>
  </scene>
</COLLADA>